-- phpMyAdmin SQL Dump
-- version 5.2.1
-- https://www.phpmyadmin.net/
--
-- Host: 127.0.0.1
-- Generation Time: Feb 23, 2025 at 04:29 AM
-- Server version: 10.4.32-MariaDB
-- PHP Version: 8.2.12

SET SQL_MODE = "NO_AUTO_VALUE_ON_ZERO";
START TRANSACTION;
SET time_zone = "+00:00";


/*!40101 SET @OLD_CHARACTER_SET_CLIENT=@@CHARACTER_SET_CLIENT */;
/*!40101 SET @OLD_CHARACTER_SET_RESULTS=@@CHARACTER_SET_RESULTS */;
/*!40101 SET @OLD_COLLATION_CONNECTION=@@COLLATION_CONNECTION */;
/*!40101 SET NAMES utf8mb4 */;

--
-- Database: `ecommerce`
--

-- --------------------------------------------------------

--
-- Table structure for table `adjustment_types`
--

CREATE TABLE `adjustment_types` (
  `id` int(11) NOT NULL,
  `name` varchar(100) NOT NULL,
  `factor` int(20) DEFAULT NULL,
  `created_at` timestamp NOT NULL DEFAULT current_timestamp(),
  `updated_at` timestamp NOT NULL DEFAULT current_timestamp() ON UPDATE current_timestamp()
) ENGINE=InnoDB DEFAULT CHARSET=utf8mb4 COLLATE=utf8mb4_general_ci;

--
-- Dumping data for table `adjustment_types`
--

INSERT INTO `adjustment_types` (`id`, `name`, `factor`, `created_at`, `updated_at`) VALUES
(1, 'Stock Increase', 1, '2024-12-03 05:26:00', '2024-12-03 05:26:00'),
(2, 'Stock Decrease', -1, '2024-12-03 05:26:00', '2024-12-03 05:26:00'),
(3, 'Stock Return to Supplier', -1, '2024-12-03 05:26:00', '2024-12-03 05:26:00'),
(4, 'Stock Received from Supplier', 1, '2024-12-03 05:26:00', '2024-12-03 05:26:00'),
(5, 'Damage Adjustment', -1, '2024-12-03 05:26:00', '2024-12-03 05:26:00'),
(6, 'Stock Discrepancy Correction', 1, '2024-12-03 05:26:00', '2024-12-03 05:26:00'),
(7, 'Inventory Audit Adjustment', 1, '2024-12-03 05:26:00', '2024-12-03 05:26:00'),
(8, 'Stock Write-Off', -1, '2024-12-03 05:26:00', '2024-12-03 05:26:00'),
(9, 'Promotion Stock Addition', 1, '2024-12-03 05:26:00', '2024-12-03 05:26:00'),
(10, 'Sample Stock Reduction', -1, '2024-12-03 05:26:00', '2024-12-03 05:26:00');

-- --------------------------------------------------------

--
-- Table structure for table `categories`
--

CREATE TABLE `categories` (
  `id` int(11) NOT NULL,
  `name` varchar(100) DEFAULT NULL,
  `created_at` timestamp NOT NULL DEFAULT current_timestamp(),
  `updated_at` timestamp NOT NULL DEFAULT current_timestamp() ON UPDATE current_timestamp()
) ENGINE=InnoDB DEFAULT CHARSET=utf8mb4 COLLATE=utf8mb4_general_ci;

--
-- Dumping data for table `categories`
--

INSERT INTO `categories` (`id`, `name`, `created_at`, `updated_at`) VALUES
(1, 'Medicine', '2024-12-02 08:10:36', '2024-12-02 08:10:36'),
(2, 'Surgical Items', '2024-12-02 08:10:36', '2024-12-02 08:10:36'),
(3, 'Health Supplements', '2024-12-02 08:10:36', '2024-12-02 08:10:36'),
(4, 'Baby Care Products', '2024-12-02 08:10:36', '2024-12-02 08:10:36'),
(5, 'Personal Hygiene', '2024-12-02 08:10:36', '2024-12-02 08:10:36'),
(6, 'Orthopedic Support', '2024-12-02 08:10:36', '2024-12-02 08:10:36'),
(7, 'Medical Equipment', '2024-12-02 08:10:36', '2024-12-02 08:10:36'),
(8, 'First Aid Kits', '2024-12-02 08:10:36', '2024-12-02 08:10:36'),
(9, 'Vitamins & Minerals', '2024-12-02 08:10:36', '2024-12-02 08:10:36'),
(10, 'Diagnostic Tools', '2024-12-02 08:10:36', '2024-12-02 08:10:36');

-- --------------------------------------------------------

--
-- Table structure for table `core_orders`
--

CREATE TABLE `core_orders` (
  `id` int(10) UNSIGNED NOT NULL,
  `customer_id` int(10) UNSIGNED NOT NULL,
  `order_date` datetime NOT NULL,
  `delivery_date` datetime NOT NULL,
  `shipping_address` text DEFAULT NULL,
  `order_total` double NOT NULL DEFAULT 0,
  `paid_amount` double NOT NULL DEFAULT 0,
  `remark` text DEFAULT NULL,
  `status_id` int(10) UNSIGNED DEFAULT 1,
  `discount` float DEFAULT 0,
  `vat` float DEFAULT 0,
  `created_at` timestamp NULL DEFAULT current_timestamp(),
  `updated_at` timestamp NULL DEFAULT current_timestamp()
) ENGINE=InnoDB DEFAULT CHARSET=latin1 COLLATE=latin1_swedish_ci;

--
-- Dumping data for table `core_orders`
--

INSERT INTO `core_orders` (`id`, `customer_id`, `order_date`, `delivery_date`, `shipping_address`, `order_total`, `paid_amount`, `remark`, `status_id`, `discount`, `vat`, `created_at`, `updated_at`) VALUES
(2, 1, '2021-12-13 00:00:00', '2021-12-13 00:00:00', 'na', 0, 0, 'Na', 1, 0, 0, '2021-12-14 06:40:41', '2021-12-14 06:40:41'),
(3, 1, '2021-12-13 00:00:00', '2021-12-13 00:00:00', 'Dhaka', 0, 0, 'Na', 1, 0, 0, '2021-12-14 06:40:41', '2021-12-14 06:40:41'),
(4, 2, '2021-12-13 00:00:00', '2021-12-13 00:00:00', 'dhaka', 0, 0, 'Na', 1, 0, 0, '2021-12-14 06:40:41', '2021-12-14 06:40:41'),
(5, 1, '2021-12-13 00:00:00', '2021-12-13 00:00:00', 'na', 0, 0, 'Na', 1, 0, 0, '2021-12-14 06:40:41', '2021-12-14 06:40:41'),
(6, 1, '2021-12-14 00:00:00', '2021-12-14 00:00:00', 'Mirpur', 0, 0, '', 2, 0, 0, '2023-12-05 11:54:41', '2023-12-05 11:54:41'),
(7, 3, '2021-12-14 00:00:00', '2021-12-14 00:00:00', 'Mirpur', 0, 0, NULL, 1, NULL, NULL, '2021-12-14 01:02:07', '2021-12-14 01:02:07'),
(8, 2, '2021-12-14 00:00:00', '2021-12-14 00:00:00', 'Mirpur', 0, 0, NULL, 1, 0, 0, '2021-12-14 01:03:51', '2021-12-14 01:03:51'),
(9, 1, '2021-12-14 00:00:00', '2021-12-14 00:00:00', 'Mirpur', 0, 0, NULL, 1, 0, 0, '2021-12-14 01:05:32', '2021-12-14 01:05:32'),
(11, 3, '2021-12-14 00:00:00', '2021-12-14 00:00:00', 'Mirpur', 0, 0, NULL, 1, 0, 0, '2021-12-14 01:07:13', '2021-12-14 01:07:13'),
(17, 1, '2022-01-06 00:00:00', '2022-01-06 00:00:00', 'Rampura', 0, 0, 'NA', 1, 0, 0, '2022-01-06 06:43:37', '2022-01-06 06:43:37'),
(18, 1, '2022-01-06 00:00:00', '2022-01-06 00:00:00', 'Rampura', 0, 0, 'NA', 1, 0, 0, '2022-01-06 09:14:42', '2022-01-06 09:14:42'),
(19, 1, '2022-01-08 00:00:00', '2022-01-08 00:00:00', 'Rampura', 0, 0, 'NA', 1, 0, 0, '2022-01-08 03:05:54', '2022-01-08 03:05:54'),
(20, 1, '2022-01-08 00:00:00', '2022-01-08 00:00:00', 'Rampura', 0, 0, 'NA', 3, 0, 0, '2023-12-05 12:07:44', '2023-12-05 12:07:44'),
(21, 1, '2022-01-08 00:00:00', '2022-01-08 00:00:00', 'Rampura', 0, 0, 'NA', 4, 0, 0, '2023-12-05 12:06:48', '2023-12-05 12:06:48'),
(22, 8, '2023-12-24 00:00:00', '2023-12-24 00:00:00', 'Mohammadpur', 1636.95, 0, '', 1, 0, 0, '0000-00-00 00:00:00', '0000-00-00 00:00:00'),
(23, 1, '2023-12-27 00:00:00', '2023-12-27 00:00:00', 'Rampura, Banasree', 1426.95, 0, 'Na', 1, 0, 0, '0000-00-00 00:00:00', '0000-00-00 00:00:00'),
(24, 4, '2024-01-03 00:00:00', '2024-01-03 00:00:00', 'Dhanmondi, Dhaka', 12304.95, 0, 'Test', 1, 0, 0, '0000-00-00 00:00:00', '0000-00-00 00:00:00'),
(25, 1, '2024-03-13 00:00:00', '2024-03-13 00:00:00', 'na', 0, 0, NULL, 1, 0, 0, '2024-03-13 02:26:34', '2024-03-13 02:26:34'),
(26, 2, '2024-03-13 00:00:00', '2024-03-13 00:00:00', 'na', 0, 0, NULL, 1, 0, 0, '2024-03-13 02:40:15', '2024-03-13 02:40:15'),
(28, 1, '2024-12-15 00:00:00', '0000-00-00 00:00:00', '', 5750, 5750, '', 2, 0, 750, '0000-00-00 00:00:00', '0000-00-00 00:00:00');

-- --------------------------------------------------------

--
-- Table structure for table `customers`
--

CREATE TABLE `customers` (
  `id` int(11) NOT NULL,
  `name` varchar(100) DEFAULT NULL,
  `email` varchar(100) DEFAULT NULL,
  `phone` int(50) DEFAULT NULL,
  `address` varchar(100) DEFAULT NULL,
  `photo` varchar(100) DEFAULT NULL,
  `created_at` timestamp NOT NULL DEFAULT current_timestamp(),
  `updated_at` timestamp NOT NULL DEFAULT current_timestamp() ON UPDATE current_timestamp()
) ENGINE=InnoDB DEFAULT CHARSET=utf8mb4 COLLATE=utf8mb4_general_ci;

--
-- Dumping data for table `customers`
--

INSERT INTO `customers` (`id`, `name`, `email`, `phone`, `address`, `photo`, `created_at`, `updated_at`) VALUES
(1, 'Sophia Akter', 'sophia.akter@example.com', 1645678901, '89 South Lane, Khulna', 'sophia_akter.jpg', '2024-12-03 05:39:15', '2024-12-16 07:48:00'),
(2, 'John Doe', 'john.doe@example.com', 1712345678, '123 Main Street, Dhaka', 'john_doe.jpg', '2024-12-03 05:39:15', '2024-12-03 05:39:15'),
(3, 'Jane Smith', 'jane.smith@example.com', 1823456789, '45 East Avenue, Chattogram', 'jane_smith.jpg', '2024-12-03 05:39:15', '2024-12-03 05:39:15'),
(4, 'Michael Rahman', 'michael.rahman@example.com', 1934567890, '67 North Road, Rajshahi', 'michael_rahman.jpg', '2024-12-03 05:39:15', '2024-12-03 05:39:15'),
(6, 'David Hasan', 'david.hasan@example.com', 1756789012, '21 West Boulevard, Sylhet', 'david_hasan.jpg', '2024-12-03 05:39:15', '2024-12-03 05:39:15'),
(7, 'Emily Khan', 'emily.khan@example.com', 1867890123, '34 Urban Plaza, Barishal', 'emily_khan.jpg', '2024-12-03 05:39:15', '2024-12-03 05:39:15'),
(8, 'Liam Islam', 'liam.islam@example.com', 1978901234, '56 Outskirts Road, Mymensingh', 'liam_islam.jpg', '2024-12-03 05:39:15', '2024-12-03 05:39:15'),
(9, 'Noah Chowdhury', 'noah.chowdhury@example.com', 1689012345, '78 Relief Street, Cumilla', 'noah_chowdhury.jpg', '2024-12-03 05:39:15', '2024-12-03 05:39:15'),
(10, 'Olivia Karim', 'olivia.karim@example.com', 1790123456, '101 Sector 7, Savar', 'olivia_karim.jpg', '2024-12-03 05:39:15', '2024-12-03 05:39:15'),
(11, 'Emma Alam', 'emma.alam@example.com', 1801234567, '202 New Town, Gazipur', 'emma_alam.jpg', '2024-12-03 05:39:15', '2024-12-03 05:39:15');

-- --------------------------------------------------------

--
-- Table structure for table `division`
--

CREATE TABLE `division` (
  `id` int(11) NOT NULL,
  `name` varchar(255) NOT NULL
) ENGINE=InnoDB DEFAULT CHARSET=utf8mb4 COLLATE=utf8mb4_general_ci;

--
-- Dumping data for table `division`
--

INSERT INTO `division` (`id`, `name`) VALUES
(1, 'Dhaka'),
(2, 'Rajshahi'),
(3, 'Rajshahi');

-- --------------------------------------------------------

--
-- Table structure for table `manufacturers`
--

CREATE TABLE `manufacturers` (
  `id` int(11) NOT NULL,
  `name` varchar(100) DEFAULT NULL,
  `email` varchar(100) DEFAULT NULL,
  `phone` varchar(50) DEFAULT NULL,
  `website` varchar(100) DEFAULT NULL,
  `country` varchar(100) DEFAULT NULL,
  `created_at` timestamp NOT NULL DEFAULT current_timestamp(),
  `updated_at` timestamp NOT NULL DEFAULT current_timestamp() ON UPDATE current_timestamp()
) ENGINE=InnoDB DEFAULT CHARSET=utf8mb4 COLLATE=utf8mb4_general_ci;

--
-- Dumping data for table `manufacturers`
--

INSERT INTO `manufacturers` (`id`, `name`, `email`, `phone`, `website`, `country`, `created_at`, `updated_at`) VALUES
(1, 'Pfizer Inc.', 'contact@pfizer.com', '+1-212-573-2323', 'www.pfizer.com', 'USA', '2024-12-17 18:17:57', '2024-12-17 18:17:57'),
(2, 'Sanofi S.A.', 'info@sanofi.com', '+33-1-53-77-40-00', 'www.sanofi.com', 'France', '2024-12-17 18:17:57', '2024-12-17 18:17:57'),
(3, 'GlaxoSmithKline', 'support@gsk.com', '+44-20-8047-5000', 'www.gsk.com', 'United Kingdom', '2024-12-17 18:17:57', '2024-12-17 18:17:57'),
(4, 'Novartis AG', 'sales@novartis.com', '+41-61-324-1111', 'www.novartis.com', 'Switzerland', '2024-12-17 18:17:57', '2024-12-17 18:17:57'),
(5, 'Beximco Pharmaceuticals', 'info@beximco.com', '+880-2-586-11001', 'www.beximcopharma.com', 'Bangladesh', '2024-12-17 18:17:57', '2024-12-17 18:17:57'),
(6, 'Cipla Ltd.', 'support@cipla.com', '+91-22-2482-6000', 'www.cipla.com', 'India', '2024-12-17 18:17:57', '2024-12-17 18:17:57'),
(7, 'Johnson & Johnson', 'contact@jnj.com', '+1-732-524-0400', 'www.jnj.com', 'USA', '2024-12-17 18:17:57', '2024-12-17 18:17:57'),
(8, 'Bayer AG', 'info@bayer.com', '+49-214-30-1', 'www.bayer.com', 'Germany', '2024-12-17 18:17:57', '2024-12-17 18:17:57'),
(9, 'Roche Holding AG', 'support@roche.com', '+41-61-688-1111', 'www.roche.com', 'Switzerland', '2024-12-17 18:17:57', '2024-12-17 18:17:57'),
(10, 'Square Pharmaceuticals', 'contact@squarepharma.com', '+880-2-814-2431', 'www.squarepharma.com.bd', 'Bangladesh', '2024-12-17 18:17:57', '2024-12-17 18:17:57');

-- --------------------------------------------------------

--
-- Table structure for table `orders`
--

CREATE TABLE `orders` (
  `id` int(10) UNSIGNED NOT NULL,
  `customer_id` int(10) UNSIGNED NOT NULL,
  `order_date` datetime DEFAULT NULL,
  `delivery_date` datetime DEFAULT NULL,
  `shipping_address` text DEFAULT NULL,
  `order_total` double DEFAULT 0,
  `paid_amount` double DEFAULT 0,
  `remark` text DEFAULT NULL,
  `status_id` int(10) UNSIGNED DEFAULT 1,
  `discount` double DEFAULT NULL,
  `vat` double DEFAULT 0,
  `created_at` timestamp NULL DEFAULT current_timestamp(),
  `updated_at` timestamp NULL DEFAULT current_timestamp()
) ENGINE=InnoDB DEFAULT CHARSET=latin1 COLLATE=latin1_swedish_ci;

--
-- Dumping data for table `orders`
--

INSERT INTO `orders` (`id`, `customer_id`, `order_date`, `delivery_date`, `shipping_address`, `order_total`, `paid_amount`, `remark`, `status_id`, `discount`, `vat`, `created_at`, `updated_at`) VALUES
(2, 1, '2021-12-13 00:00:00', '2021-12-13 00:00:00', 'na', 0, 0, 'Na', 1, 0, 0, '2021-12-14 06:40:41', '2021-12-14 06:40:41'),
(3, 1, '2021-12-13 00:00:00', '2021-12-13 00:00:00', 'Dhaka', 0, 0, 'Na', 1, 0, 0, '2021-12-14 06:40:41', '2021-12-14 06:40:41'),
(4, 2, '2021-12-13 00:00:00', '2021-12-13 00:00:00', 'dhaka', 0, 0, 'Na', 1, 0, 0, '2021-12-14 06:40:41', '2021-12-14 06:40:41'),
(5, 1, '2021-12-13 00:00:00', '2021-12-13 00:00:00', 'na', 0, 0, 'Na', 1, 0, 0, '2021-12-14 06:40:41', '2021-12-14 06:40:41'),
(6, 1, '2021-12-14 00:00:00', '2021-12-14 00:00:00', 'Mirpur', 0, 0, '', 2, 0, 0, '2023-12-05 11:54:41', '2023-12-05 11:54:41'),
(7, 3, '2021-12-14 00:00:00', '2021-12-14 00:00:00', 'Mirpur', 0, 0, NULL, 1, 0, NULL, '2021-12-14 01:02:07', '2021-12-14 01:02:07'),
(8, 2, '2021-12-14 00:00:00', '2021-12-14 00:00:00', 'Mirpur', 0, 0, NULL, 1, 0, 0, '2021-12-14 01:03:51', '2021-12-14 01:03:51'),
(9, 1, '2021-12-14 00:00:00', '2021-12-14 00:00:00', 'Mirpur', 0, 0, NULL, 1, 0, 0, '2021-12-14 01:05:32', '2021-12-14 01:05:32'),
(11, 3, '2021-12-14 00:00:00', '2021-12-14 00:00:00', 'Mirpur', 0, 0, NULL, 1, 0, 0, '2021-12-14 01:07:13', '2021-12-14 01:07:13'),
(17, 1, '2022-01-06 00:00:00', '2022-01-06 00:00:00', 'Rampura', 0, 0, 'NA', 1, 0, 0, '2022-01-06 06:43:37', '2022-01-06 06:43:37'),
(18, 1, '2022-01-06 00:00:00', '2022-01-06 00:00:00', 'Rampura', 0, 0, 'NA', 1, 0, 0, '2022-01-06 09:14:42', '2022-01-06 09:14:42'),
(19, 1, '2022-01-08 00:00:00', '2022-01-08 00:00:00', 'Rampura', 0, 0, 'NA', 1, 0, 0, '2022-01-08 03:05:54', '2022-01-08 03:05:54'),
(20, 1, '2022-01-08 00:00:00', '2022-01-08 00:00:00', 'Rampura', 0, 0, 'NA', 3, 0, 0, '2023-12-05 12:07:44', '2023-12-05 12:07:44'),
(21, 1, '2022-01-08 00:00:00', '2022-01-08 00:00:00', 'Rampura', 0, 0, 'NA', 4, 0, 0, '2023-12-05 12:06:48', '2023-12-05 12:06:48'),
(22, 8, '2023-12-24 00:00:00', '2023-12-24 00:00:00', 'Mohammadpur', 1636.95, 0, '', 1, 0, 0, '0000-00-00 00:00:00', '0000-00-00 00:00:00'),
(23, 1, '2023-12-27 00:00:00', '2023-12-27 00:00:00', 'Rampura, Banasree', 1426.95, 0, 'Na', 1, 0, 0, '0000-00-00 00:00:00', '0000-00-00 00:00:00'),
(24, 4, '2024-01-03 00:00:00', '2024-01-03 00:00:00', 'Dhanmondi, Dhaka', 12304.95, 0, 'Test', 1, 0, 0, '0000-00-00 00:00:00', '0000-00-00 00:00:00'),
(25, 1, '2024-03-13 00:00:00', '2024-03-13 00:00:00', 'na', 0, 0, NULL, 1, 0, 0, '2024-03-13 02:26:34', '2024-03-13 02:26:34'),
(26, 2, '2024-03-13 00:00:00', '2024-03-13 00:00:00', 'na', 0, 0, NULL, 1, 0, 0, '2024-03-13 02:40:15', '2024-03-13 02:40:15'),
(28, 1, '2024-12-15 00:00:00', '0000-00-00 00:00:00', '', 5750, 5750, '', 2, 0, 750, '0000-00-00 00:00:00', '0000-00-00 00:00:00'),
(31, 1, '2024-12-17 00:00:00', '2024-12-17 00:00:00', '', 43358.22, 43358.22, '', 2, 0, 5655.419921875, '2024-12-17 04:05:51', '2024-12-17 04:05:51'),
(32, 1, '2024-12-17 00:00:00', '2024-12-17 00:00:00', '', 43358.22, 43358.22, '', 2, 0, 5655.419921875, '2024-12-17 04:06:21', '2024-12-17 04:06:21'),
(33, 1, '2024-12-17 00:00:00', '2024-12-17 00:00:00', '', 43358.22, 43358.22, '', 2, 0, 5655.419921875, '2024-12-17 04:06:53', '2024-12-17 04:06:53'),
(34, 1, '2024-12-17 00:00:00', '2024-12-17 00:00:00', '', 43358.22, 43358.22, '', 2, 0, 5655.419921875, '2024-12-17 04:07:18', '2024-12-17 04:07:18'),
(35, 1, '2024-12-17 00:00:00', '2024-12-17 00:00:00', '', 43358.22, 43358.22, '', 2, 0, 5655.419921875, '2024-12-17 04:07:25', '2024-12-17 04:07:25'),
(36, 1, '2024-12-17 00:00:00', '2024-12-17 00:00:00', '', 43358.22, 43358.22, '', 2, 0, 5655.419921875, '2024-12-17 04:08:40', '2024-12-17 04:08:40'),
(37, 1, '2024-12-17 00:00:00', '2024-12-17 00:00:00', '', 43358.22, 43358.22, '', 2, 0, 5655.419921875, '2024-12-17 04:10:30', '2024-12-17 04:10:30'),
(38, 1, '2024-12-17 00:00:00', '2024-12-17 00:00:00', '', 43358.22, 43358.22, '', 2, 0, 5655.419921875, '2024-12-17 04:11:41', '2024-12-17 04:11:41'),
(39, 1, '2024-12-17 00:00:00', '2024-12-17 00:00:00', '', 43358.22, 43358.22, '', 2, 0, 5655.419921875, '2024-12-17 04:12:41', '2024-12-17 04:12:41'),
(40, 1, '2024-12-17 00:00:00', '2024-12-17 00:00:00', '', 43358.22, 43358.22, '', 2, 0, 5655.419921875, '2024-12-17 04:12:43', '2024-12-17 04:12:43'),
(41, 1, '2024-12-17 00:00:00', '2024-12-17 00:00:00', '', 43358.22, 43358.22, '', 2, 0, 5655.419921875, '2024-12-17 04:12:57', '2024-12-17 04:12:57'),
(42, 11, '2024-12-17 00:00:00', '2024-12-17 00:00:00', '202 New Town, Gazipur', 22701, 22701, '', 2, 0, 2961, '2024-12-17 04:29:16', '2024-12-17 04:29:16'),
(43, 1, '2024-12-17 00:00:00', '2024-12-17 00:00:00', '', 13736.75, 13736.75, '', 2, 0, 1791.75, '2024-12-17 05:04:13', '2024-12-17 05:04:13'),
(44, 4, '2024-12-17 00:00:00', '2024-12-17 00:00:00', '67 North Road, Rajshahi', 1.725, 1.725, '', 2, 0, 0.22499999403953552, '2024-12-17 05:06:50', '2024-12-17 05:06:50'),
(45, 1, '2024-12-17 00:00:00', '2024-12-17 00:00:00', '', 6589.5, 6589.5, '', 2, 0, 859.5, '2024-12-17 05:14:53', '2024-12-17 05:14:53'),
(46, 3, '2024-12-17 00:00:00', '2024-12-17 00:00:00', '45 East Avenue, Chattogram', 11253.9, 11253.9, '', 2, 0, 1467.8999999999999, '2024-12-17 06:20:13', '2024-12-17 06:20:13'),
(47, 2, '2024-12-17 00:00:00', '2024-12-17 00:00:00', '123 Main Street, Dhaka', 3915.75, 3915.75, '', 2, 0, 510.75, '2024-12-17 06:22:30', '2024-12-17 06:22:30'),
(48, 1, '2024-12-17 00:00:00', '2024-12-17 00:00:00', '', 316.25, 316.25, '', 2, 0, 41.25, '2024-12-17 06:44:44', '2024-12-17 06:44:44'),
(49, 1, '2024-12-17 00:00:00', '2024-12-17 00:00:00', '', 72818, 72818, '', 2, 0, 9498, '2024-12-17 17:05:28', '2024-12-17 17:05:28'),
(50, 1, '2024-12-18 00:00:00', '2024-12-18 00:00:00', '', 0, 0, '', 2, 0, 0, '2024-12-17 18:45:20', '2024-12-17 18:45:20'),
(51, 1, '2024-12-18 00:00:00', '2024-12-18 00:00:00', '', 3450, 3450, '', 2, 0, 450, '2024-12-17 19:06:58', '2024-12-17 19:06:58'),
(52, 1, '2024-12-18 00:00:00', '2024-12-18 00:00:00', '', 36513.9375, 36513.9375, '', 2, 0, 4762.6875, '2024-12-18 06:48:31', '2024-12-18 06:48:31'),
(53, 7, '2024-12-18 00:00:00', '2024-12-18 00:00:00', '34 Urban Plaza, Barishal', 14950, 14950, '', 2, 0, 1950, '2024-12-18 06:48:56', '2024-12-18 06:48:56'),
(54, 4, '2024-12-23 00:00:00', '2024-12-23 00:00:00', '67 North Road, Rajshahi', 57270, 57270, '', 2, 0, 7470, '2024-12-23 05:41:24', '2024-12-23 05:41:24'),
(55, 3, '2024-12-23 00:00:00', '2024-12-23 00:00:00', '45 East Avenue, Chattogram', 11.5, 11.5, '', 2, 0, 1.5, '2024-12-23 05:51:25', '2024-12-23 05:51:25'),
(56, 3, '2024-12-23 00:00:00', '2024-12-23 00:00:00', '45 East Avenue, Chattogram', 3.2199999999999998, 3.2199999999999998, '', 2, 0, 0.42, '2024-12-23 05:55:10', '2024-12-23 05:55:10'),
(57, 1, '2024-12-23 00:00:00', '2024-12-23 00:00:00', '', 72.45, 72.45, '', 2, 0, 9.45, '2024-12-23 05:59:52', '2024-12-23 05:59:52'),
(58, 1, '2024-12-23 00:00:00', '2024-12-23 00:00:00', '', 5.175, 5.175, '', 2, 0, 0.6749999999999999, '2024-12-23 06:03:23', '2024-12-23 06:03:23'),
(59, 1, '2024-12-23 00:00:00', '2024-12-23 00:00:00', '', 4.8875, 4.8875, '', 2, 0, 0.6375, '2024-12-23 06:05:32', '2024-12-23 06:05:32'),
(60, 1, '2024-12-23 00:00:00', '2024-12-23 00:00:00', '', 4.8875, 4.8875, '', 2, 0, 0.6375, '2024-12-23 06:08:08', '2024-12-23 06:08:08'),
(61, 1, '2024-12-23 00:00:00', '2024-12-23 00:00:00', '', 4.8875, 4.8875, '', 2, 0, 0.6375, '2024-12-23 06:09:43', '2024-12-23 06:09:43'),
(62, 1, '2024-12-23 00:00:00', '2024-12-23 00:00:00', '', 4.8875, 4.8875, '', 2, 120, 0.6375, '2024-12-23 06:10:29', '2024-12-23 06:10:29'),
(63, 1, '2024-12-23 00:00:00', '2024-12-23 00:00:00', '', 4.8875, 4.8875, '', 2, 0.25, 0.6375, '2024-12-23 06:12:20', '2024-12-23 06:12:20'),
(64, 1, '2024-12-23 00:00:00', '2024-12-23 00:00:00', '', 103.03999999999999, 103.03999999999999, '', 2, 0, 13.44, '2024-12-23 06:17:37', '2024-12-23 06:17:37'),
(65, 1, '2024-12-23 00:00:00', '2024-12-23 00:00:00', '', 103.03999999999999, 103.03999999999999, '', 2, 0, 13.44, '2024-12-23 06:17:40', '2024-12-23 06:17:40'),
(66, 1, '2024-12-23 00:00:00', '2024-12-23 00:00:00', '', 103.03999999999999, 103.03999999999999, '', 2, 0, 13.44, '2024-12-23 06:17:41', '2024-12-23 06:17:41'),
(67, 1, '2024-12-23 00:00:00', '2024-12-23 00:00:00', '', 103.03999999999999, 103.03999999999999, '', 2, 0, 13.44, '2024-12-23 06:17:48', '2024-12-23 06:17:48'),
(68, 1, '2024-12-23 00:00:00', '2024-12-23 00:00:00', '', 0, 0, '', 2, 0, 0, '2024-12-23 06:18:25', '2024-12-23 06:18:25'),
(69, 1, '2024-12-23 00:00:00', '2024-12-23 00:00:00', '', 23, 23, '', 2, 0, 3, '2024-12-23 06:23:35', '2024-12-23 06:23:35'),
(70, 2, '2024-12-23 00:00:00', '2024-12-23 00:00:00', '123 Main Street, Dhaka', 37950, 37950, '', 2, 1000, 4950, '2024-12-23 06:31:00', '2024-12-23 06:31:00'),
(71, 3, '2024-12-23 00:00:00', '2024-12-23 00:00:00', '45 East Avenue, Chattogram', 65550, 65550, '', 2, 1000, 8550, '2024-12-23 06:32:11', '2024-12-23 06:32:11'),
(72, 1, '2024-12-23 00:00:00', '2024-12-23 00:00:00', '', 3465.8125, 3465.8125, '', 2, 150.25, 452.0625, '2024-12-23 06:36:16', '2024-12-23 06:36:16'),
(73, 3, '2024-12-23 00:00:00', '2024-12-23 00:00:00', '45 East Avenue, Chattogram', 2024, 2024, '', 2, 150, 264, '2024-12-23 06:40:45', '2024-12-23 06:40:45'),
(74, 6, '2024-12-23 00:00:00', '2024-12-23 00:00:00', '21 West Boulevard, Sylhet', 1351.25, 1351.25, '', 2, 25, 176.25, '2024-12-23 06:49:14', '2024-12-23 06:49:14'),
(75, 3, '2024-12-23 00:00:00', '2024-12-23 00:00:00', '45 East Avenue, Chattogram', 3657, 3657, '', 2, 100, 477, '2024-12-23 06:56:59', '2024-12-23 06:56:59'),
(76, 2, '2024-12-28 00:00:00', '2024-12-28 00:00:00', '123 Main Street, Dhaka', 6635.5575, 6635.5575, '', 2, 250.75, 865.5075, '2024-12-28 03:28:01', '2024-12-28 03:28:01'),
(77, 6, '2024-12-29 00:00:00', '2024-12-29 00:00:00', '21 West Boulevard, Sylhet', 22425, 22425, '', 2, 500, 2925, '2024-12-29 05:48:24', '2024-12-29 05:48:24'),
(78, 3, '2024-12-30 00:00:00', '2024-12-30 00:00:00', '45 East Avenue, Chattogram', 14375, 14375, '', 2, 500, 1875, '2024-12-30 03:21:16', '2024-12-30 03:21:16'),
(79, 2, '2024-12-30 00:00:00', '2024-12-30 00:00:00', '123 Main Street, Dhaka', 2587.5, 2587.5, '', 2, 250, 337.5, '2024-12-30 05:31:00', '2024-12-30 05:31:00'),
(80, 4, '2024-12-30 00:00:00', '2024-12-30 00:00:00', '67 North Road, Rajshahi', 21045, 21045, '', 2, 1000, 2745, '2024-12-30 06:19:15', '2024-12-30 06:19:15'),
(81, 6, '2024-12-30 00:00:00', '2024-12-30 00:00:00', '21 West Boulevard, Sylhet', 22425, 22425, '', 2, 500, 2925, '2024-12-30 07:37:07', '2024-12-30 07:37:07'),
(82, 8, '2024-12-31 00:00:00', '2024-12-31 00:00:00', '56 Outskirts Road, Mymensingh', 27025, 27025, '', 2, 500, 3525, '2024-12-31 04:13:31', '2024-12-31 04:13:31'),
(83, 7, '2024-12-31 00:00:00', '2024-12-31 00:00:00', '34 Urban Plaza, Barishal', 30475, 30475, '', 2, 500, 3975, '2024-12-31 04:23:03', '2024-12-31 04:23:03');

-- --------------------------------------------------------

--
-- Table structure for table `order_details`
--

CREATE TABLE `order_details` (
  `id` int(10) UNSIGNED NOT NULL,
  `order_id` int(10) UNSIGNED NOT NULL,
  `product_id` int(10) UNSIGNED NOT NULL,
  `qty` float DEFAULT NULL,
  `price` float DEFAULT NULL,
  `vat` float DEFAULT 0,
  `discount` float DEFAULT 0,
  `created_at` timestamp NULL DEFAULT current_timestamp(),
  `updated_at` timestamp NULL DEFAULT current_timestamp()
) ENGINE=InnoDB DEFAULT CHARSET=latin1 COLLATE=latin1_swedish_ci;

--
-- Dumping data for table `order_details`
--

INSERT INTO `order_details` (`id`, `order_id`, `product_id`, `qty`, `price`, `vat`, `discount`, `created_at`, `updated_at`) VALUES
(1, 1, 17, 1, 16, 0, 0, '2021-12-14 06:45:23', '2021-12-14 06:45:23'),
(2, 1, 18, 1, 40, 0, 0, '2021-12-14 06:45:23', '2021-12-14 06:45:23'),
(3, 2, 18, 4, 40, 0, 0, '2021-12-14 06:45:23', '2021-12-14 06:45:23'),
(4, 2, 17, 2, 16, 0, 0, '2021-12-14 06:45:23', '2021-12-14 06:45:23'),
(5, 3, 17, 2, 16, 0, 0, '2021-12-14 06:45:23', '2021-12-14 06:45:23'),
(6, 3, 18, 1, 40, 0, 0, '2021-12-14 06:45:23', '2021-12-14 06:45:23'),
(7, 4, 17, 1, 16, 0, 0, '2021-12-14 06:45:23', '2021-12-14 06:45:23'),
(8, 4, 18, 1, 40, 0, 0, '2021-12-14 06:45:23', '2021-12-14 06:45:23'),
(9, 5, 17, 1, 16, 0, 0, '2021-12-14 06:45:23', '2021-12-14 06:45:23'),
(10, 14, 18, 1, 30, 0, 0, '2021-12-14 01:14:27', '2021-12-14 01:14:27'),
(11, 14, 17, 1, 15, 0, 0, '2021-12-14 01:14:27', '2021-12-14 01:14:27'),
(12, 15, 18, 1, 40, 0, 0, '2021-12-15 12:48:59', '2021-12-15 12:48:59'),
(13, 15, 17, 2, 16, 0, 0, '2021-12-15 12:48:59', '2021-12-15 12:48:59'),
(14, 16, 28, 1, 5000, 0, 0, '2022-01-06 06:39:11', '2022-01-06 06:39:11'),
(15, 16, 29, 1, 342, 0, 0, '2022-01-06 06:39:11', '2022-01-06 06:39:11'),
(16, 17, 29, 1, 342, 0, 0, '2022-01-06 06:43:37', '2022-01-06 06:43:37'),
(17, 17, 28, 1, 5000, 0, 0, '2022-01-06 06:43:37', '2022-01-06 06:43:37'),
(18, 17, 20, 1, 110, 0, 0, '2022-01-06 06:43:37', '2022-01-06 06:43:37'),
(19, 18, 28, 10, 5000, 0, 0, '2022-01-06 09:14:42', '2022-01-06 09:14:42'),
(20, 19, 30, 1, 7999, 0, 0, '2022-01-08 03:05:54', '2022-01-08 03:05:54'),
(21, 19, 31, 1, 4444, 0, 0, '2022-01-08 03:05:54', '2022-01-08 03:05:54'),
(22, 19, 20, 1, 110, 0, 0, '2022-01-08 03:05:55', '2022-01-08 03:05:55'),
(23, 20, 29, 1, 342, 0, 0, '2022-01-08 03:06:58', '2022-01-08 03:06:58'),
(24, 20, 20, 1, 110, 0, 0, '2022-01-08 03:06:58', '2022-01-08 03:06:58'),
(25, 20, 30, 1, 7999, 0, 0, '2022-01-08 03:06:58', '2022-01-08 03:06:58'),
(26, 20, 32, 1, 5555, 0, 0, '2022-01-08 03:06:58', '2022-01-08 03:06:58'),
(27, 21, 29, 1, 342, 0, 0, '2022-01-08 03:07:27', '2022-01-08 03:07:27'),
(28, 21, 28, 1, 5000, 0, 0, '2022-01-08 03:07:27', '2022-01-08 03:07:27'),
(29, 21, 31, 1, 4444, 0, 0, '2022-01-08 03:07:27', '2022-01-08 03:07:27'),
(30, 21, 32, 2, 5555, 0, 0, '2022-01-08 03:07:27', '2022-01-08 03:07:27'),
(31, 21, 30, 1, 7999, 0, 0, '2022-01-08 03:07:27', '2022-01-08 03:07:27'),
(32, 21, 20, 1, 110, 0, 0, '2022-01-08 03:07:28', '2022-01-08 03:07:28'),
(40, 25, 18, 1, 180, 0, 0, '2024-03-13 02:26:34', '2024-03-13 02:26:34'),
(41, 25, 17, 1, 2500, 0, 0, '2024-03-13 02:26:34', '2024-03-13 02:26:34'),
(42, 26, 18, 1, 180, 0, 0, '2024-03-13 02:40:15', '2024-03-13 02:40:15'),
(43, 26, 17, 1, 2500, 0, 0, '2024-03-13 02:40:15', '2024-03-13 02:40:15'),
(44, 27, 17, 2, 2500, 0, 100, '0000-00-00 00:00:00', '0000-00-00 00:00:00'),
(45, 27, 52, 1, 250, 0, 50, '0000-00-00 00:00:00', '0000-00-00 00:00:00'),
(46, 28, 17, 2, 2500, 0, 100, '0000-00-00 00:00:00', '0000-00-00 00:00:00'),
(47, 28, 52, 1, 250, 0, 50, '0000-00-00 00:00:00', '0000-00-00 00:00:00'),
(48, 29, 17, 2, 2500, 0, 100, '0000-00-00 00:00:00', '0000-00-00 00:00:00'),
(49, 29, 52, 1, 250, 0, 50, '0000-00-00 00:00:00', '0000-00-00 00:00:00'),
(50, 36, 6, 1, 2.8, 0, 0, '2024-12-17 04:08:40', '2024-12-17 04:08:40'),
(51, 37, 6, 1, 2.8, 0, 0, '2024-12-17 04:10:30', '2024-12-17 04:10:30'),
(52, 38, 6, 1, 2.8, 0, 0, '2024-12-17 04:11:41', '2024-12-17 04:11:41'),
(53, 38, 1, 1000, 2.5, 0, 0, '2024-12-17 04:11:41', '2024-12-17 04:11:41'),
(54, 38, 5, 1000, 7, 0, 0, '2024-12-17 04:11:41', '2024-12-17 04:11:41'),
(55, 38, 12, 1000, 3.2, 0, 0, '2024-12-17 04:11:41', '2024-12-17 04:11:41'),
(56, 38, 18, 1000, 25, 0, 0, '2024-12-17 04:11:41', '2024-12-17 04:11:41'),
(57, 39, 6, 1, 2.8, 0, 0, '2024-12-17 04:12:41', '2024-12-17 04:12:41'),
(58, 39, 1, 1000, 2.5, 0, 0, '2024-12-17 04:12:41', '2024-12-17 04:12:41'),
(59, 39, 5, 1000, 7, 0, 0, '2024-12-17 04:12:41', '2024-12-17 04:12:41'),
(60, 39, 12, 1000, 3.2, 0, 0, '2024-12-17 04:12:41', '2024-12-17 04:12:41'),
(61, 39, 18, 1000, 25, 0, 0, '2024-12-17 04:12:41', '2024-12-17 04:12:41'),
(62, 40, 6, 1, 2.8, 0, 0, '2024-12-17 04:12:43', '2024-12-17 04:12:43'),
(63, 40, 1, 1000, 2.5, 0, 0, '2024-12-17 04:12:43', '2024-12-17 04:12:43'),
(64, 40, 5, 1000, 7, 0, 0, '2024-12-17 04:12:43', '2024-12-17 04:12:43'),
(65, 40, 12, 1000, 3.2, 0, 0, '2024-12-17 04:12:43', '2024-12-17 04:12:43'),
(66, 40, 18, 1000, 25, 0, 0, '2024-12-17 04:12:43', '2024-12-17 04:12:43'),
(67, 41, 6, 1, 2.8, 0, 0, '2024-12-17 04:12:57', '2024-12-17 04:12:57'),
(68, 41, 1, 1000, 2.5, 0, 0, '2024-12-17 04:12:57', '2024-12-17 04:12:57'),
(69, 41, 5, 1000, 7, 0, 0, '2024-12-17 04:12:57', '2024-12-17 04:12:57'),
(70, 41, 12, 1000, 3.2, 0, 0, '2024-12-17 04:12:57', '2024-12-17 04:12:57'),
(71, 41, 18, 1000, 25, 0, 0, '2024-12-17 04:12:57', '2024-12-17 04:12:57'),
(72, 42, 9, 200, 4.5, 0, 0, '2024-12-17 04:29:16', '2024-12-17 04:29:16'),
(73, 42, 23, 100, 3.3, 0, 0, '2024-12-17 04:29:16', '2024-12-17 04:29:16'),
(74, 42, 30, 200, 25, 0, 0, '2024-12-17 04:29:16', '2024-12-17 04:29:16'),
(75, 42, 46, 100, 15, 0, 0, '2024-12-17 04:29:16', '2024-12-17 04:29:16'),
(76, 42, 58, 300, 3, 0, 0, '2024-12-17 04:29:16', '2024-12-17 04:29:16'),
(77, 42, 57, 200, 8.5, 0, 0, '2024-12-17 04:29:16', '2024-12-17 04:29:16'),
(78, 42, 59, 100, 4, 0, 0, '2024-12-17 04:29:16', '2024-12-17 04:29:16'),
(79, 42, 54, 100, 5.5, 0, 0, '2024-12-17 04:29:16', '2024-12-17 04:29:16'),
(80, 42, 51, 100, 3, 0, 0, '2024-12-17 04:29:16', '2024-12-17 04:29:16'),
(81, 42, 48, 100, 20, 0, 0, '2024-12-17 04:29:16', '2024-12-17 04:29:16'),
(82, 42, 45, 100, 9, 0, 0, '2024-12-17 04:29:16', '2024-12-17 04:29:16'),
(83, 42, 42, 100, 6, 0, 0, '2024-12-17 04:29:16', '2024-12-17 04:29:16'),
(84, 42, 41, 100, 1.5, 0, 0, '2024-12-17 04:29:16', '2024-12-17 04:29:16'),
(85, 42, 34, 100, 5.5, 0, 0, '2024-12-17 04:29:16', '2024-12-17 04:29:16'),
(86, 42, 32, 100, 12, 0, 0, '2024-12-17 04:29:16', '2024-12-17 04:29:16'),
(87, 42, 24, 100, 20, 0, 0, '2024-12-17 04:29:16', '2024-12-17 04:29:16'),
(88, 42, 19, 100, 1.5, 0, 0, '2024-12-17 04:29:16', '2024-12-17 04:29:16'),
(89, 42, 2, 100, 3, 0, 0, '2024-12-17 04:29:16', '2024-12-17 04:29:16'),
(90, 42, 3, 100, 1.5, 0, 0, '2024-12-17 04:29:16', '2024-12-17 04:29:16'),
(91, 42, 4, 100, 5, 0, 0, '2024-12-17 04:29:16', '2024-12-17 04:29:16'),
(92, 42, 5, 100, 7, 0, 0, '2024-12-17 04:29:16', '2024-12-17 04:29:16'),
(93, 43, 4, 200, 5, 0, 0, '2024-12-17 05:04:13', '2024-12-17 05:04:13'),
(94, 43, 2, 100, 3, 0, 0, '2024-12-17 05:04:13', '2024-12-17 05:04:13'),
(95, 43, 3, 100, 1.5, 0, 0, '2024-12-17 05:04:13', '2024-12-17 05:04:13'),
(96, 43, 5, 100, 7, 0, 0, '2024-12-17 05:04:13', '2024-12-17 05:04:13'),
(97, 43, 6, 100, 2.8, 0, 0, '2024-12-17 05:04:13', '2024-12-17 05:04:13'),
(98, 43, 7, 100, 3.5, 0, 0, '2024-12-17 05:04:13', '2024-12-17 05:04:13'),
(99, 43, 8, 100, 15, 0, 0, '2024-12-17 05:04:13', '2024-12-17 05:04:13'),
(100, 43, 9, 100, 4.5, 0, 0, '2024-12-17 05:04:13', '2024-12-17 05:04:13'),
(101, 43, 10, 100, 50, 0, 0, '2024-12-17 05:04:13', '2024-12-17 05:04:13'),
(102, 43, 11, 100, 10, 0, 0, '2024-12-17 05:04:13', '2024-12-17 05:04:13'),
(103, 43, 12, 100, 3.2, 0, 0, '2024-12-17 05:04:13', '2024-12-17 05:04:13'),
(104, 43, 13, 100, 2.8, 0, 0, '2024-12-17 05:04:13', '2024-12-17 05:04:13'),
(105, 43, 14, 100, 4, 0, 0, '2024-12-17 05:04:13', '2024-12-17 05:04:13'),
(106, 43, 15, 100, 6, 0, 0, '2024-12-17 05:04:13', '2024-12-17 05:04:13'),
(107, 45, 3, 100, 1.5, 0, 0, '2024-12-17 05:14:53', '2024-12-17 05:14:53'),
(108, 45, 6, 100, 2.8, 0, 0, '2024-12-17 05:14:53', '2024-12-17 05:14:53'),
(109, 45, 10, 100, 50, 0, 0, '2024-12-17 05:14:53', '2024-12-17 05:14:53'),
(110, 45, 14, 100, 4, 0, 0, '2024-12-17 05:14:53', '2024-12-17 05:14:53'),
(111, 46, 3, 101, 1.5, 0, 0, '2024-12-17 06:20:13', '2024-12-17 06:20:13'),
(112, 46, 4, 1, 5, 0, 0, '2024-12-17 06:20:13', '2024-12-17 06:20:13'),
(113, 46, 5, 100, 7, 0, 0, '2024-12-17 06:20:13', '2024-12-17 06:20:13'),
(114, 46, 6, 100, 2.8, 0, 0, '2024-12-17 06:20:13', '2024-12-17 06:20:13'),
(115, 46, 7, 100, 3.5, 0, 0, '2024-12-17 06:20:13', '2024-12-17 06:20:13'),
(116, 46, 8, 100, 15, 0, 0, '2024-12-17 06:20:13', '2024-12-17 06:20:13'),
(117, 46, 9, 100, 4.5, 0, 0, '2024-12-17 06:20:13', '2024-12-17 06:20:13'),
(118, 46, 10, 100, 50, 0, 0, '2024-12-17 06:20:13', '2024-12-17 06:20:13'),
(119, 46, 11, 100, 10, 0, 0, '2024-12-17 06:20:13', '2024-12-17 06:20:13'),
(120, 46, 12, 100, 3.2, 0, 0, '2024-12-17 06:20:13', '2024-12-17 06:20:13'),
(121, 46, 13, 100, 2.8, 0, 0, '2024-12-17 06:20:13', '2024-12-17 06:20:13'),
(122, 47, 4, 100, 5, 0, 0, '2024-12-17 06:22:30', '2024-12-17 06:22:30'),
(123, 47, 6, 100, 2.8, 0, 0, '2024-12-17 06:22:30', '2024-12-17 06:22:30'),
(124, 47, 12, 100, 3.2, 0, 0, '2024-12-17 06:22:30', '2024-12-17 06:22:30'),
(125, 47, 19, 100, 1.5, 0, 0, '2024-12-17 06:22:30', '2024-12-17 06:22:30'),
(126, 47, 26, 100, 7.5, 0, 0, '2024-12-17 06:22:30', '2024-12-17 06:22:30'),
(127, 47, 32, 100, 12, 0, 0, '2024-12-17 06:22:30', '2024-12-17 06:22:30'),
(128, 47, 40, 100, 3.8, 0, 0, '2024-12-17 06:22:30', '2024-12-17 06:22:30'),
(129, 48, 2, 100, 3, 0, 0, '2024-12-17 06:44:44', '2024-12-17 06:44:44'),
(130, 49, 18, 4, 180, 0, 0, '2024-12-17 17:05:28', '2024-12-17 17:05:28'),
(131, 49, 3, 1000, 1.5, 0, 0, '2024-12-17 17:05:28', '2024-12-17 17:05:28'),
(132, 49, 4, 1000, 5, 0, 0, '2024-12-17 17:05:28', '2024-12-17 17:05:28'),
(133, 49, 6, 1000, 2.8, 0, 0, '2024-12-17 17:05:28', '2024-12-17 17:05:28'),
(134, 49, 9, 1000, 4.5, 0, 0, '2024-12-17 17:05:28', '2024-12-17 17:05:28'),
(135, 49, 13, 1000, 2.8, 0, 0, '2024-12-17 17:05:28', '2024-12-17 17:05:28'),
(136, 49, 24, 1000, 20, 0, 0, '2024-12-17 17:05:28', '2024-12-17 17:05:28'),
(137, 49, 38, 1000, 8, 0, 0, '2024-12-17 17:05:28', '2024-12-17 17:05:28'),
(138, 49, 48, 1000, 20, 0, 0, '2024-12-17 17:05:28', '2024-12-17 17:05:28'),
(139, 51, 2, 1000, 3, 0, 0, '2024-12-17 19:06:58', '2024-12-17 19:06:58'),
(140, 52, 19, 1, 1.5, 0, 0, '2024-12-18 06:48:31', '2024-12-18 06:48:31'),
(141, 52, 18, 1000, 25, 0, 0, '2024-12-18 06:48:31', '2024-12-18 06:48:31'),
(142, 52, 2, 1000, 3, 0, 0, '2024-12-18 06:48:31', '2024-12-18 06:48:31'),
(143, 52, 9, 1000, 4.5, 0, 0, '2024-12-18 06:48:31', '2024-12-18 06:48:31'),
(144, 53, 19, 1000, 1.5, 0, 0, '2024-12-18 06:48:56', '2024-12-18 06:48:56'),
(145, 53, 17, 1000, 12, 0, 0, '2024-12-18 06:48:56', '2024-12-18 06:48:56'),
(146, 54, 20, 1000, 8, 0, 0, '2024-12-23 05:41:24', '2024-12-23 05:41:24'),
(147, 54, 17, 1000, 12, 0, 0, '2024-12-23 05:41:24', '2024-12-23 05:41:24'),
(148, 54, 16, 1000, 1.8, 0, 0, '2024-12-23 05:41:24', '2024-12-23 05:41:24'),
(149, 54, 15, 5000, 6, 0, 0, '2024-12-23 05:41:24', '2024-12-23 05:41:24'),
(150, 55, 2, 1, 3, 0, 0, '2024-12-23 05:51:25', '2024-12-23 05:51:25'),
(151, 55, 5, 1, 7, 0, 0, '2024-12-23 05:51:25', '2024-12-23 05:51:25'),
(152, 56, 13, 1, 2.8, 0, 0, '2024-12-23 05:55:10', '2024-12-23 05:55:10'),
(153, 57, 13, 9, 7, 0, 0, '2024-12-23 05:59:52', '2024-12-23 05:59:52'),
(154, 58, 9, 1, 4.5, 0, 0, '2024-12-23 06:03:23', '2024-12-23 06:03:23'),
(155, 59, 9, 1, 4.5, 0, 0.25, '2024-12-23 06:05:32', '2024-12-23 06:05:32'),
(156, 60, 9, 1, 4.5, 0, 0.25, '2024-12-23 06:08:08', '2024-12-23 06:08:08'),
(157, 61, 9, 1, 4.5, 0, 0.25, '2024-12-23 06:09:43', '2024-12-23 06:09:43'),
(158, 62, 9, 1, 4.5, 0, 0.25, '2024-12-23 06:10:29', '2024-12-23 06:10:29'),
(159, 63, 9, 1, 4.5, 0, 0.25, '2024-12-23 06:12:20', '2024-12-23 06:12:20'),
(160, 64, 13, 32, 2.8, 0, 0, '2024-12-23 06:17:37', '2024-12-23 06:17:37'),
(161, 65, 13, 32, 2.8, 0, 0, '2024-12-23 06:17:40', '2024-12-23 06:17:40'),
(162, 66, 13, 32, 2.8, 0, 0, '2024-12-23 06:17:41', '2024-12-23 06:17:41'),
(163, 67, 13, 32, 2.8, 0, 0, '2024-12-23 06:17:48', '2024-12-23 06:17:48'),
(164, 68, 1, 1, 0, 0, 0, '2024-12-23 06:18:25', '2024-12-23 06:18:25'),
(165, 69, 11, 2, 10, 0, 0, '2024-12-23 06:23:35', '2024-12-23 06:23:35'),
(166, 70, 18, 1000, 25, 0, 250, '2024-12-23 06:31:00', '2024-12-23 06:31:00'),
(167, 70, 16, 1000, 1.8, 0, 250, '2024-12-23 06:31:00', '2024-12-23 06:31:00'),
(168, 70, 14, 1000, 4, 0, 250, '2024-12-23 06:31:00', '2024-12-23 06:31:00'),
(169, 70, 12, 1000, 3.2, 0, 250, '2024-12-23 06:31:00', '2024-12-23 06:31:00'),
(170, 71, 2, 1000, 3, 0, 250, '2024-12-23 06:32:11', '2024-12-23 06:32:11'),
(171, 71, 3, 1000, 1.5, 0, 250, '2024-12-23 06:32:11', '2024-12-23 06:32:11'),
(172, 71, 7, 1000, 3.5, 0, 250, '2024-12-23 06:32:12', '2024-12-23 06:32:12'),
(173, 71, 10, 1000, 50, 0, 250, '2024-12-23 06:32:12', '2024-12-23 06:32:12'),
(174, 72, 14, 101, 4, 0, 25.25, '2024-12-23 06:36:16', '2024-12-23 06:36:16'),
(175, 72, 16, 100, 1.8, 0, 25, '2024-12-23 06:36:16', '2024-12-23 06:36:16'),
(176, 72, 13, 100, 2.8, 0, 25, '2024-12-23 06:36:16', '2024-12-23 06:36:16'),
(177, 72, 11, 100, 10, 0, 25, '2024-12-23 06:36:16', '2024-12-23 06:36:16'),
(178, 72, 9, 100, 4.5, 0, 25, '2024-12-23 06:36:16', '2024-12-23 06:36:16'),
(179, 72, 43, 100, 8.5, 0, 25, '2024-12-23 06:36:16', '2024-12-23 06:36:16'),
(180, 73, 16, 100, 1.8, 0, 25, '2024-12-23 06:40:45', '2024-12-23 06:40:45'),
(181, 73, 14, 200, 4, 0, 50, '2024-12-23 06:40:46', '2024-12-23 06:40:46'),
(182, 73, 13, 100, 2.8, 0, 25, '2024-12-23 06:40:46', '2024-12-23 06:40:46'),
(183, 73, 2, 100, 3, 0, 25, '2024-12-23 06:40:46', '2024-12-23 06:40:46'),
(184, 73, 7, 100, 3.5, 0, 25, '2024-12-23 06:40:46', '2024-12-23 06:40:46'),
(185, 74, 17, 100, 12, 0, 25, '2024-12-23 06:49:14', '2024-12-23 06:49:14'),
(186, 75, 16, 100, 1.8, 0, 25, '2024-12-23 06:56:59', '2024-12-23 06:56:59'),
(187, 75, 14, 100, 4, 0, 25, '2024-12-23 06:56:59', '2024-12-23 06:56:59'),
(188, 75, 17, 100, 12, 0, 25, '2024-12-23 06:57:00', '2024-12-23 06:57:00'),
(189, 75, 8, 100, 15, 0, 25, '2024-12-23 06:57:00', '2024-12-23 06:57:00'),
(190, 76, 17, 1, 12, 0, 0.25, '2024-12-28 03:28:01', '2024-12-28 03:28:01'),
(191, 76, 15, 1001, 6, 0, 250.25, '2024-12-28 03:28:01', '2024-12-28 03:28:01'),
(192, 76, 13, 1, 2.8, 0, 0.25, '2024-12-28 03:28:01', '2024-12-28 03:28:01'),
(193, 77, 20, 1000, 8, 0, 250, '2024-12-29 05:48:24', '2024-12-29 05:48:24'),
(194, 77, 17, 1000, 12, 0, 250, '2024-12-29 05:48:24', '2024-12-29 05:48:24'),
(195, 78, 15, 1000, 6, 0, 250, '2024-12-30 03:21:16', '2024-12-30 03:21:16'),
(196, 78, 5, 1000, 7, 0, 250, '2024-12-30 03:21:17', '2024-12-30 03:21:17'),
(197, 79, 1, 1000, 2.5, 0, 250, '2024-12-30 05:31:00', '2024-12-30 05:31:00'),
(198, 80, 15, 1000, 6, 0, 250, '2024-12-30 06:19:15', '2024-12-30 06:19:15'),
(199, 80, 20, 1000, 8, 0, 250, '2024-12-30 06:19:16', '2024-12-30 06:19:16'),
(200, 80, 16, 1000, 1.8, 0, 250, '2024-12-30 06:19:16', '2024-12-30 06:19:16'),
(201, 80, 7, 1000, 3.5, 0, 250, '2024-12-30 06:19:16', '2024-12-30 06:19:16'),
(202, 81, 8, 1000, 15, 0, 250, '2024-12-30 07:37:07', '2024-12-30 07:37:07'),
(203, 81, 39, 1000, 5, 0, 250, '2024-12-30 07:37:07', '2024-12-30 07:37:07'),
(204, 82, 17, 2000, 12, 0, 500, '2024-12-31 04:13:32', '2024-12-31 04:13:32'),
(205, 83, 17, 1000, 12, 0, 250, '2024-12-31 04:23:03', '2024-12-31 04:23:03'),
(206, 83, 8, 1000, 15, 0, 250, '2024-12-31 04:23:03', '2024-12-31 04:23:03');

-- --------------------------------------------------------

--
-- Table structure for table `products`
--

CREATE TABLE `products` (
  `id` int(11) NOT NULL,
  `name` varchar(100) NOT NULL,
  `price` decimal(10,2) NOT NULL,
  `discount` decimal(10,2) DEFAULT NULL,
  `final_price` decimal(10,2) DEFAULT NULL,
  `category_id` int(11) NOT NULL,
  `uom_id` int(11) DEFAULT NULL,
  `barcode` varchar(100) DEFAULT NULL,
  `sku` varchar(100) DEFAULT NULL,
  `manufacturer_id` int(11) NOT NULL,
  `product_picture` varchar(100) DEFAULT NULL,
  `description` varchar(100) DEFAULT NULL,
  `weight` decimal(10,2) DEFAULT NULL,
  `size` decimal(10,2) DEFAULT NULL,
  `is_feature` varchar(100) DEFAULT NULL,
  `is_brand` varchar(100) DEFAULT NULL,
  `created_at` timestamp NOT NULL DEFAULT current_timestamp(),
  `updated_at` timestamp NOT NULL DEFAULT current_timestamp() ON UPDATE current_timestamp(),
  `quantity` varchar(45) DEFAULT NULL
) ENGINE=InnoDB DEFAULT CHARSET=utf8mb4 COLLATE=utf8mb4_general_ci;

--
-- Dumping data for table `products`
--

INSERT INTO `products` (`id`, `name`, `price`, `discount`, `final_price`, `category_id`, `uom_id`, `barcode`, `sku`, `manufacturer_id`, `product_picture`, `description`, `weight`, `size`, `is_feature`, `is_brand`, `created_at`, `updated_at`, `quantity`) VALUES
(1, 'Paracetamol', 2.50, 5.00, NULL, 1, 1, '1234567890123', 'SKU001', 1, NULL, 'Pain reliever and fever reducer', NULL, NULL, NULL, NULL, '2024-11-30 04:27:05', '2024-11-30 04:27:05', NULL),
(2, 'Ibuprofen', 3.00, 10.00, NULL, 1, 1, '1234567890124', 'SKU002', 1, NULL, 'Nonsteroidal anti-inflammatory drug', NULL, NULL, NULL, NULL, '2024-11-30 04:27:05', '2024-11-30 04:27:05', NULL),
(3, 'Amoxicillin', 1.50, 0.00, NULL, 2, 2, '1234567890125', 'SKU003', 2, NULL, 'Antibiotic for bacterial infections', NULL, NULL, NULL, NULL, '2024-11-30 04:27:05', '2024-11-30 04:27:05', NULL),
(4, 'Cough Syrup', 5.00, 15.00, NULL, 3, 3, '1234567890126', 'SKU004', 3, NULL, 'Relieves cough and sore throat', NULL, NULL, NULL, NULL, '2024-11-30 04:27:05', '2024-11-30 04:27:05', NULL),
(5, 'Vitamin C Tablets', 7.00, 5.00, NULL, 4, 1, '1234567890127', 'SKU005', 4, NULL, 'Boosts immune system', NULL, NULL, NULL, NULL, '2024-11-30 04:27:05', '2024-11-30 04:27:05', NULL),
(6, 'Aspirin', 2.80, 5.00, NULL, 1, 1, '1234567890128', 'SKU006', 1, NULL, 'Pain reliever and anti-inflammatory', NULL, NULL, NULL, NULL, '2024-11-30 04:27:05', '2024-11-30 04:27:05', NULL),
(7, 'Antacid', 3.50, 10.00, NULL, 5, 1, '1234567890129', 'SKU007', 1, NULL, 'Treats indigestion and heartburn', NULL, NULL, NULL, NULL, '2024-11-30 04:27:05', '2024-11-30 04:27:05', NULL),
(8, 'Thermometer', 15.00, 0.00, NULL, 6, 4, '1234567890130', 'SKU008', 5, NULL, 'Digital thermometer for body temperature', NULL, NULL, NULL, NULL, '2024-11-30 04:27:05', '2024-11-30 04:27:05', NULL),
(9, 'Hand Sanitizer', 4.50, 5.00, NULL, 7, 4, '1234567890131', 'SKU009', 6, NULL, 'Kills germs and bacteria', NULL, NULL, NULL, NULL, '2024-11-30 04:27:05', '2024-11-30 04:27:05', NULL),
(10, 'Blood Pressure Monitor', 50.00, 20.00, NULL, 8, 4, '1234567890132', 'SKU010', 7, NULL, 'Measures blood pressure levels', NULL, NULL, NULL, NULL, '2024-11-30 04:27:05', '2024-11-30 04:27:05', NULL),
(11, 'Multivitamin Capsules', 10.00, 5.00, NULL, 4, 2, '1234567890133', 'SKU011', 4, NULL, 'Complete daily vitamins', NULL, NULL, NULL, NULL, '2024-11-30 04:27:05', '2024-11-30 04:27:05', NULL),
(12, 'Antiseptic Cream', 3.20, 8.00, NULL, 7, 1, '1234567890134', 'SKU012', 6, NULL, 'For cuts, wounds, and burns', NULL, NULL, NULL, NULL, '2024-11-30 04:27:05', '2024-11-30 04:27:05', NULL),
(13, 'Saline Nasal Spray', 2.80, 0.00, NULL, 9, 3, '1234567890135', 'SKU013', 1, NULL, 'Relieves nasal congestion', NULL, NULL, NULL, NULL, '2024-11-30 04:27:05', '2024-11-30 04:27:05', NULL),
(14, 'Allergy Relief Tablets', 4.00, 5.00, NULL, 10, 1, '1234567890136', 'SKU014', 2, NULL, 'Relieves seasonal allergies', NULL, NULL, NULL, NULL, '2024-11-30 04:27:05', '2024-11-30 04:27:05', NULL),
(15, 'Laxative Syrup', 6.00, 10.00, NULL, 11, 3, '1234567890137', 'SKU015', 3, NULL, 'For constipation relief', NULL, NULL, NULL, NULL, '2024-11-30 04:27:05', '2024-11-30 04:27:05', NULL),
(16, 'Oral Rehydration Solution', 1.80, 0.00, NULL, 12, 3, '1234567890138', 'SKU016', 2, NULL, 'Restores body fluids and electrolytes', NULL, NULL, NULL, NULL, '2024-11-30 04:27:05', '2024-11-30 04:27:05', NULL),
(17, 'Insulin Syringes', 12.00, 15.00, NULL, 13, 4, '1234567890139', 'SKU017', 5, NULL, 'For diabetic insulin delivery', NULL, NULL, NULL, NULL, '2024-11-30 04:27:05', '2024-11-30 04:27:05', NULL),
(18, 'First Aid Kit', 25.00, 5.00, NULL, 14, 4, '1234567890140', 'SKU018', 7, NULL, 'Emergency medical supplies kit', NULL, NULL, NULL, NULL, '2024-11-30 04:27:05', '2024-11-30 04:27:05', NULL),
(19, 'Energy Drinks', 1.50, 5.00, NULL, 15, 3, '1234567890141', 'SKU019', 4, NULL, 'Boosts energy levels', NULL, NULL, NULL, NULL, '2024-11-30 04:27:05', '2024-11-30 04:27:05', NULL),
(20, 'Hair Growth Oil', 8.00, 10.00, NULL, 16, 4, '1234567890142', 'SKU020', 6, NULL, 'Stimulates hair growth', NULL, NULL, NULL, NULL, '2024-11-30 04:27:05', '2024-11-30 04:27:05', NULL),
(21, 'Pain Relief Gel', 6.50, 8.00, NULL, 1, 1, '1234567890143', 'SKU021', 3, NULL, 'For muscle and joint pain', NULL, NULL, NULL, NULL, '2024-11-30 04:30:33', '2024-11-30 04:30:33', NULL),
(22, 'Antifungal Cream', 4.20, 5.00, NULL, 7, 1, '1234567890144', 'SKU022', 2, NULL, 'Treats fungal infections', NULL, NULL, NULL, NULL, '2024-11-30 04:30:33', '2024-11-30 04:30:33', NULL),
(23, 'Eye Drops', 3.30, 0.00, NULL, 9, 3, '1234567890145', 'SKU023', 1, NULL, 'Relieves eye irritation', NULL, NULL, NULL, NULL, '2024-11-30 04:30:33', '2024-11-30 04:30:33', NULL),
(24, 'Diabetic Test Strips', 20.00, 10.00, NULL, 13, 4, '1234567890146', 'SKU024', 5, NULL, 'Used with glucometer for blood sugar tests', NULL, NULL, NULL, NULL, '2024-11-30 04:30:33', '2024-11-30 04:30:33', NULL),
(25, 'Glucose Powder', 2.00, 0.00, NULL, 12, 3, '1234567890147', 'SKU025', 6, NULL, 'Provides instant energy', NULL, NULL, NULL, NULL, '2024-11-30 04:30:33', '2024-11-30 04:30:33', NULL),
(26, 'Herbal Shampoo', 7.50, 5.00, NULL, 16, 4, '1234567890148', 'SKU026', 4, NULL, 'Natural hair care product', NULL, NULL, NULL, NULL, '2024-11-30 04:30:33', '2024-11-30 04:30:33', NULL),
(27, 'N95 Masks', 1.80, 0.00, NULL, 7, 4, '1234567890149', 'SKU027', 7, NULL, 'Protective face masks', NULL, NULL, NULL, NULL, '2024-11-30 04:30:33', '2024-11-30 04:30:33', NULL),
(28, 'Dental Floss', 2.50, 0.00, NULL, 17, 1, '1234567890150', 'SKU028', 3, NULL, 'For oral hygiene', NULL, NULL, NULL, NULL, '2024-11-30 04:30:33', '2024-11-30 04:30:33', NULL),
(29, 'Calcium Supplements', 8.00, 5.00, NULL, 4, 2, '1234567890151', 'SKU029', 4, NULL, 'Strengthens bones and teeth', NULL, NULL, NULL, NULL, '2024-11-30 04:30:33', '2024-11-30 04:30:33', NULL),
(30, 'Protein Powder', 25.00, 10.00, NULL, 15, 3, '1234567890152', 'SKU030', 5, NULL, 'Dietary supplement for fitness', NULL, NULL, NULL, NULL, '2024-11-30 04:30:33', '2024-11-30 04:30:33', NULL),
(31, 'Cold Relief Tablets', 3.00, 0.00, NULL, 10, 1, '1234567890153', 'SKU031', 1, NULL, 'Relieves common cold symptoms', NULL, NULL, NULL, NULL, '2024-11-30 04:30:33', '2024-11-30 04:30:33', NULL),
(32, 'Wound Dressing Kit', 12.00, 5.00, NULL, 14, 4, '1234567890154', 'SKU032', 7, NULL, 'First aid kit for wound care', NULL, NULL, NULL, NULL, '2024-11-30 04:30:33', '2024-11-30 04:30:33', NULL),
(33, 'Baby Diapers', 0.50, 2.00, NULL, 18, 3, '1234567890155', 'SKU033', 6, NULL, 'Disposable diapers for infants', NULL, NULL, NULL, NULL, '2024-11-30 04:30:33', '2024-11-30 04:30:33', NULL),
(34, 'Ointment for Burns', 5.50, 5.00, NULL, 7, 1, '1234567890156', 'SKU034', 2, NULL, 'Treats minor burns and skin irritation', NULL, NULL, NULL, NULL, '2024-11-30 04:30:33', '2024-11-30 04:30:33', NULL),
(35, 'Antibacterial Wipes', 3.50, 0.00, NULL, 7, 4, '1234567890157', 'SKU035', 6, NULL, 'Cleans and disinfects surfaces', NULL, NULL, NULL, NULL, '2024-11-30 04:30:33', '2024-11-30 04:30:33', NULL),
(36, 'Liver Tonic', 10.00, 5.00, NULL, 12, 3, '1234567890158', 'SKU036', 4, NULL, 'Supports liver health', NULL, NULL, NULL, NULL, '2024-11-30 04:30:33', '2024-11-30 04:30:33', NULL),
(37, 'Multivitamin Syrup', 6.00, 5.00, NULL, 4, 3, '1234567890159', 'SKU037', 4, NULL, 'Supplement for kids and adults', NULL, NULL, NULL, NULL, '2024-11-30 04:30:33', '2024-11-30 04:30:33', NULL),
(38, 'Hair Conditioner', 8.00, 5.00, NULL, 16, 4, '1234567890160', 'SKU038', 5, NULL, 'Moisturizes and strengthens hair', NULL, NULL, NULL, NULL, '2024-11-30 04:30:33', '2024-11-30 04:30:33', NULL),
(39, 'Pregnancy Test Kit', 5.00, 0.00, NULL, 19, 4, '1234567890161', 'SKU039', 7, NULL, 'Home pregnancy test', NULL, NULL, NULL, NULL, '2024-11-30 04:30:33', '2024-11-30 04:30:33', NULL),
(40, 'Menstrual Pain Relief Patch', 3.80, 5.00, NULL, 10, 1, '1234567890162', 'SKU040', 3, NULL, 'Provides relief from cramps', NULL, NULL, NULL, NULL, '2024-11-30 04:30:33', '2024-11-30 04:30:33', NULL),
(41, 'Energy Bars', 1.50, 0.00, NULL, 15, 3, '1234567890163', 'SKU041', 4, NULL, 'Convenient snack for energy', NULL, NULL, NULL, NULL, '2024-11-30 04:30:33', '2024-11-30 04:30:33', NULL),
(42, 'Moisturizing Lotion', 6.00, 5.00, NULL, 16, 4, '1234567890164', 'SKU042', 5, NULL, 'Hydrates and nourishes skin', NULL, NULL, NULL, NULL, '2024-11-30 04:30:33', '2024-11-30 04:30:33', NULL),
(43, 'Muscle Relaxant Spray', 8.50, 10.00, NULL, 1, 3, '1234567890165', 'SKU043', 2, NULL, 'For quick relief from muscle pain', NULL, NULL, NULL, NULL, '2024-11-30 04:30:33', '2024-11-30 04:30:33', NULL),
(44, 'Anti-dandruff Shampoo', 6.00, 5.00, NULL, 16, 4, '1234567890166', 'SKU044', 4, NULL, 'Treats dandruff effectively', NULL, NULL, NULL, NULL, '2024-11-30 04:30:33', '2024-11-30 04:30:33', NULL),
(45, 'Skin Whitening Cream', 9.00, 5.00, NULL, 16, 1, '1234567890167', 'SKU045', 3, NULL, 'Brightens skin tone', NULL, NULL, NULL, NULL, '2024-11-30 04:30:33', '2024-11-30 04:30:33', NULL),
(46, 'Asthma Inhaler', 15.00, 0.00, NULL, 20, 4, '1234567890168', 'SKU046', 1, NULL, 'Relieves asthma symptoms', NULL, NULL, NULL, NULL, '2024-11-30 04:30:33', '2024-11-30 04:30:33', NULL),
(47, 'Pain Relief Patches', 5.00, 5.00, NULL, 1, 1, '1234567890169', 'SKU047', 2, NULL, 'For localized pain relief', NULL, NULL, NULL, NULL, '2024-11-30 04:30:33', '2024-11-30 04:30:33', NULL),
(48, 'Anti-aging Serum', 20.00, 10.00, NULL, 16, 4, '1234567890170', 'SKU048', 5, NULL, 'Reduces signs of aging', NULL, NULL, NULL, NULL, '2024-11-30 04:30:33', '2024-11-30 04:30:33', NULL),
(49, 'Cough Lozenges', 1.80, 5.00, NULL, 3, 3, '1234567890171', 'SKU049', 3, NULL, 'Soothes throat irritation', NULL, NULL, NULL, NULL, '2024-11-30 04:30:33', '2024-11-30 04:30:33', NULL),
(50, 'Cold Sore Cream', 4.50, 5.00, NULL, 7, 1, '1234567890172', 'SKU050', 6, NULL, 'Treats cold sores effectively', NULL, NULL, NULL, NULL, '2024-11-30 04:30:33', '2024-11-30 04:30:33', NULL),
(51, 'Sleep Aid Tablets', 3.00, 0.00, NULL, 10, 1, '1234567890173', 'SKU051', 4, NULL, 'Improves sleep quality', NULL, NULL, NULL, NULL, '2024-11-30 04:30:33', '2024-11-30 04:30:33', NULL),
(52, 'Acne Treatment Gel', 6.00, 5.00, NULL, 7, 1, '1234567890174', 'SKU052', 2, NULL, 'Reduces acne and blemishes', NULL, NULL, NULL, NULL, '2024-11-30 04:30:33', '2024-11-30 04:30:33', NULL),
(53, 'Hand Gloves', 1.50, 0.00, NULL, 7, 4, '1234567890175', 'SKU053', 7, NULL, 'Disposable protective gloves', NULL, NULL, NULL, NULL, '2024-11-30 04:30:33', '2024-11-30 04:30:33', NULL),
(54, 'Foot Cream', 5.50, 5.00, NULL, 16, 1, '1234567890176', 'SKU054', 3, NULL, 'Moisturizes and softens feet', NULL, NULL, NULL, NULL, '2024-11-30 04:30:33', '2024-11-30 04:30:33', NULL),
(55, 'Antibacterial Soap', 2.00, 5.00, NULL, 7, 4, '1234567890177', 'SKU055', 6, NULL, 'Protects against germs', NULL, NULL, NULL, NULL, '2024-11-30 04:30:33', '2024-11-30 04:30:33', NULL),
(56, 'Digestive Enzyme Capsules', 10.00, 5.00, NULL, 12, 2, '1234567890178', 'SKU056', 4, NULL, 'Improves digestion', NULL, NULL, NULL, NULL, '2024-11-30 04:30:33', '2024-11-30 04:30:33', NULL),
(57, 'Sunscreen Lotion', 8.50, 5.00, NULL, 16, 4, '1234567890179', 'SKU057', 5, NULL, 'Protects skin from UV rays', NULL, NULL, NULL, NULL, '2024-11-30 04:30:33', '2024-11-30 04:30:33', NULL),
(58, 'Mouthwash', 3.00, 5.00, NULL, 17, 4, '1234567890180', 'SKU058', 3, NULL, 'Freshens breath and kills germs', NULL, NULL, NULL, NULL, '2024-11-30 04:30:33', '2024-11-30 04:30:33', NULL),
(59, 'Fever Patch', 4.00, 5.00, NULL, 10, 1, '1234567890181', 'SKU059', 6, NULL, 'Provides cooling relief for fever', NULL, NULL, NULL, NULL, '2024-11-30 04:30:33', '2024-11-30 04:30:33', NULL);

-- --------------------------------------------------------

--
-- Table structure for table `purchases`
--

CREATE TABLE `purchases` (
  `id` int(11) NOT NULL,
  `supplier_id` int(11) NOT NULL,
  `total_order` decimal(10,2) NOT NULL,
  `Purchase_date` datetime DEFAULT NULL,
  `total_discount` decimal(10,2) DEFAULT NULL,
  `total_amount` decimal(10,2) NOT NULL,
  `paid_amount` varchar(100) DEFAULT NULL,
  `status` varchar(100) DEFAULT NULL,
  `shipping_address` varchar(100) DEFAULT NULL,
  `created_at` timestamp NOT NULL DEFAULT current_timestamp(),
  `updated_at` timestamp NOT NULL DEFAULT current_timestamp() ON UPDATE current_timestamp()
) ENGINE=InnoDB DEFAULT CHARSET=utf8mb4 COLLATE=utf8mb4_general_ci;

--
-- Dumping data for table `purchases`
--

INSERT INTO `purchases` (`id`, `supplier_id`, `total_order`, `Purchase_date`, `total_discount`, `total_amount`, `paid_amount`, `status`, `shipping_address`, `created_at`, `updated_at`) VALUES
(2, 1, 1500.00, '2024-12-10 00:00:00', 100.00, 1400.00, '1400.00', 'Completed', 'Warehouse 1, Dhaka', '2024-12-17 06:54:04', '2024-12-17 06:54:04'),
(3, 2, 2500.00, '2024-12-09 00:00:00', 150.00, 2350.00, '2000.00', 'Pending', 'Warehouse 2, Chattogram', '2024-12-17 06:54:04', '2024-12-17 06:54:04'),
(4, 3, 1000.00, '2024-12-08 00:00:00', 50.00, 950.00, '950.00', 'Completed', 'Warehouse 3, Rajshahi', '2024-12-17 06:54:04', '2024-12-17 06:54:04'),
(5, 4, 3000.00, '2024-12-07 00:00:00', 200.00, 2800.00, '2500.00', 'On Hold', 'Warehouse 4, Khulna', '2024-12-17 06:54:04', '2024-12-17 06:54:04'),
(6, 5, 500.00, '2024-12-06 00:00:00', 25.00, 475.00, '475.00', 'Completed', 'Warehouse 5, Sylhet', '2024-12-17 06:54:04', '2024-12-17 06:54:04'),
(7, 6, 2000.00, '2024-12-05 00:00:00', 100.00, 1900.00, '1500.00', 'Pending', 'Warehouse 6, Barishal', '2024-12-17 06:54:04', '2024-12-17 06:54:04'),
(8, 7, 750.00, '2024-12-04 00:00:00', 50.00, 700.00, '700.00', 'Completed', 'Warehouse 7, Mymensingh', '2024-12-17 06:54:04', '2024-12-17 06:54:04'),
(9, 8, 1800.00, '2024-12-03 00:00:00', 90.00, 1710.00, '1700.00', 'Completed', 'Warehouse 8, Cumilla', '2024-12-17 06:54:04', '2024-12-17 06:54:04'),
(10, 9, 1200.00, '2024-12-02 00:00:00', 60.00, 1140.00, '1000.00', 'On Hold', 'Warehouse 9, Savar', '2024-12-17 06:54:04', '2024-12-17 06:54:04'),
(11, 10, 600.00, '2024-12-01 00:00:00', 30.00, 570.00, '570.00', 'Completed', 'Warehouse 10, Gazipur', '2024-12-17 06:54:04', '2024-12-17 06:54:04'),
(12, 11, 3000.00, '2024-11-30 00:00:00', 200.00, 2800.00, '2500.00', 'Pending', 'Warehouse 11, Dhaka', '2024-12-17 06:54:04', '2024-12-17 06:54:04'),
(13, 12, 4500.00, '2024-11-29 00:00:00', 300.00, 4200.00, '4000.00', 'Completed', 'Warehouse 12, Chattogram', '2024-12-17 06:54:04', '2024-12-17 06:54:04'),
(14, 13, 800.00, '2024-11-28 00:00:00', 40.00, 760.00, '760.00', 'Completed', 'Warehouse 13, Rajshahi', '2024-12-17 06:54:04', '2024-12-17 06:54:04'),
(15, 14, 1500.00, '2024-11-27 00:00:00', 75.00, 1425.00, '1400.00', 'Completed', 'Warehouse 14, Khulna', '2024-12-17 06:54:04', '2024-12-17 06:54:04'),
(16, 15, 2000.00, '2024-11-26 00:00:00', 100.00, 1900.00, '1800.00', 'Pending', 'Warehouse 15, Sylhet', '2024-12-17 06:54:04', '2024-12-17 06:54:04'),
(17, 16, 1250.00, '2024-11-25 00:00:00', 50.00, 1200.00, '1000.00', 'On Hold', 'Warehouse 16, Barishal', '2024-12-17 06:54:04', '2024-12-17 06:54:04'),
(18, 17, 3500.00, '2024-11-24 00:00:00', 150.00, 3350.00, '3300.00', 'Completed', 'Warehouse 17, Mymensingh', '2024-12-17 06:54:04', '2024-12-17 06:54:04'),
(19, 18, 400.00, '2024-11-23 00:00:00', 20.00, 380.00, '380.00', 'Completed', 'Warehouse 18, Cumilla', '2024-12-17 06:54:04', '2024-12-17 06:54:04'),
(20, 19, 2200.00, '2024-11-22 00:00:00', 110.00, 2090.00, '2000.00', 'Pending', 'Warehouse 19, Savar', '2024-12-17 06:54:04', '2024-12-17 06:54:04'),
(21, 20, 6000.00, '2024-11-21 00:00:00', 300.00, 5700.00, '5500.00', 'On Hold', 'Warehouse 20, Gazipur', '2024-12-17 06:54:04', '2024-12-17 06:54:04'),
(22, 3, 0.00, '0000-00-00 00:00:00', 0.00, 0.00, '32775', '', 'Rajshahi City Center, Rajshahi', '0000-00-00 00:00:00', '0000-00-00 00:00:00'),
(23, 5, 0.00, '0000-00-00 00:00:00', 0.00, 0.00, '40544.1125', '', 'Zindabazar, Sylhet', '0000-00-00 00:00:00', '0000-00-00 00:00:00'),
(24, 1, 0.00, '0000-00-00 00:00:00', 0.00, 0.00, '69', '', '', '0000-00-00 00:00:00', '0000-00-00 00:00:00'),
(25, 3, 0.00, '0000-00-00 00:00:00', 0.00, 0.00, '1150', '', 'Rajshahi City Center, Rajshahi', '0000-00-00 00:00:00', '0000-00-00 00:00:00'),
(26, 3, 0.00, '0000-00-00 00:00:00', 0.00, 0.00, '9545', '', 'Rajshahi City Center, Rajshahi', '0000-00-00 00:00:00', '0000-00-00 00:00:00'),
(27, 2, 0.00, '2024-12-29 00:00:00', 1000.00, 35650.00, '35650', '2', 'GEC Circle, Chattogram', '0000-00-00 00:00:00', '0000-00-00 00:00:00'),
(28, 4, 0.00, '2024-12-29 00:00:00', 0.00, 28606.25, '28606.25', '2', 'KDA Avenue, Khulna', '0000-00-00 00:00:00', '0000-00-00 00:00:00'),
(29, 6, 0.00, '2024-12-29 00:00:00', 250.00, 8912.50, '8912.5', '2', 'Barishal Sadar, Barishal', '0000-00-00 00:00:00', '0000-00-00 00:00:00'),
(30, 1, 0.00, '2024-12-29 00:00:00', 25.50, 392.15, '', '2', '', '0000-00-00 00:00:00', '0000-00-00 00:00:00'),
(31, 2, 0.00, '2024-12-29 00:00:00', 0.50, 7.25, '', '2', 'GEC Circle, Chattogram', '0000-00-00 00:00:00', '0000-00-00 00:00:00'),
(32, 3, 0.00, '2024-12-29 00:00:00', 0.50, 20.13, '', '2', 'Rajshahi City Center, Rajshahi', '0000-00-00 00:00:00', '0000-00-00 00:00:00'),
(33, 2, 0.00, '2024-12-30 00:00:00', 500.00, 35075.00, '', '2', 'GEC Circle, Chattogram', '0000-00-00 00:00:00', '0000-00-00 00:00:00'),
(34, 3, 0.00, '2024-12-30 00:00:00', 750.50, 11342.45, '', '2', 'Rajshahi City Center, Rajshahi', '0000-00-00 00:00:00', '0000-00-00 00:00:00'),
(35, 3, 0.00, '2024-12-30 00:00:00', 1500.00, 34845.00, '', '2', 'Rajshahi City Center, Rajshahi', '0000-00-00 00:00:00', '0000-00-00 00:00:00'),
(36, 1, 0.00, '2024-12-30 00:00:00', 1750.00, 76877.50, '', '2', '', '0000-00-00 00:00:00', '0000-00-00 00:00:00');

-- --------------------------------------------------------

--
-- Table structure for table `purchase_details`
--

CREATE TABLE `purchase_details` (
  `id` int(11) NOT NULL,
  `purchase_id` int(50) DEFAULT NULL,
  `product_id` int(50) DEFAULT NULL,
  `quantity` int(50) DEFAULT NULL,
  `price` decimal(10,2) NOT NULL,
  `discount` decimal(10,2) DEFAULT NULL,
  `total_price` decimal(10,2) NOT NULL,
  `created_at` timestamp NOT NULL DEFAULT current_timestamp(),
  `updated_at` timestamp NOT NULL DEFAULT current_timestamp() ON UPDATE current_timestamp()
) ENGINE=InnoDB DEFAULT CHARSET=utf8mb4 COLLATE=utf8mb4_general_ci;

--
-- Dumping data for table `purchase_details`
--

INSERT INTO `purchase_details` (`id`, `purchase_id`, `product_id`, `quantity`, `price`, `discount`, `total_price`, `created_at`, `updated_at`) VALUES
(1, 22, 17, 0, 12.00, 250.00, 0.00, '0000-00-00 00:00:00', '0000-00-00 00:00:00'),
(2, 22, 42, 0, 6.00, 250.00, 0.00, '0000-00-00 00:00:00', '0000-00-00 00:00:00'),
(3, 22, 58, 0, 3.00, 1000.00, 0.00, '0000-00-00 00:00:00', '0000-00-00 00:00:00'),
(4, 23, 15, 0, 6.00, 250.25, 0.00, '0000-00-00 00:00:00', '0000-00-00 00:00:00'),
(5, 23, 8, 0, 15.00, 500.00, 0.00, '0000-00-00 00:00:00', '0000-00-00 00:00:00'),
(6, 24, 4, 0, 5.00, 0.00, 0.00, '0000-00-00 00:00:00', '0000-00-00 00:00:00'),
(7, 24, 7, 0, 3.50, 0.00, 0.00, '0000-00-00 00:00:00', '0000-00-00 00:00:00'),
(8, 25, 19, 100, 1.50, 25.00, 0.00, '0000-00-00 00:00:00', '0000-00-00 00:00:00'),
(9, 25, 3, 100, 1.50, 25.00, 0.00, '0000-00-00 00:00:00', '0000-00-00 00:00:00'),
(10, 25, 7, 100, 3.50, 25.00, 0.00, '0000-00-00 00:00:00', '0000-00-00 00:00:00'),
(11, 25, 9, 100, 4.50, 25.00, 0.00, '0000-00-00 00:00:00', '0000-00-00 00:00:00'),
(12, 26, 15, 1000, 6.00, 250.00, 0.00, '0000-00-00 00:00:00', '0000-00-00 00:00:00'),
(13, 26, 13, 1000, 2.80, 250.00, 0.00, '0000-00-00 00:00:00', '0000-00-00 00:00:00'),
(14, 27, 15, 1000, 6.00, 250.00, 0.00, '0000-00-00 00:00:00', '0000-00-00 00:00:00'),
(15, 27, 14, 1000, 4.00, 250.00, 0.00, '0000-00-00 00:00:00', '0000-00-00 00:00:00'),
(16, 27, 11, 1000, 10.00, 250.00, 0.00, '0000-00-00 00:00:00', '0000-00-00 00:00:00'),
(17, 27, 17, 1000, 12.00, 250.00, 0.00, '0000-00-00 00:00:00', '0000-00-00 00:00:00'),
(18, 28, 19, 100, 1.50, 25.00, 0.00, '0000-00-00 00:00:00', '0000-00-00 00:00:00'),
(19, 28, 18, 1000, 25.00, 250.00, 0.00, '0000-00-00 00:00:00', '0000-00-00 00:00:00'),
(20, 29, 20, 1000, 8.00, 250.00, 0.00, '0000-00-00 00:00:00', '0000-00-00 00:00:00'),
(21, 30, 17, 1, 12.00, 0.25, 0.00, '0000-00-00 00:00:00', '0000-00-00 00:00:00'),
(22, 30, 9, 1, 4.50, 0.25, 0.00, '0000-00-00 00:00:00', '0000-00-00 00:00:00'),
(23, 30, 7, 100, 3.50, 25.00, 0.00, '0000-00-00 00:00:00', '0000-00-00 00:00:00'),
(24, 31, 14, 1, 4.00, 0.25, 0.00, '0000-00-00 00:00:00', '0000-00-00 00:00:00'),
(25, 31, 6, 1, 2.80, 0.25, 0.00, '0000-00-00 00:00:00', '0000-00-00 00:00:00'),
(26, 32, 15, 1, 6.00, 0.25, 0.00, '0000-00-00 00:00:00', '0000-00-00 00:00:00'),
(27, 32, 17, 1, 12.00, 0.25, 0.00, '0000-00-00 00:00:00', '0000-00-00 00:00:00'),
(28, 33, 15, 1000, 6.00, 250.00, 0.00, '0000-00-00 00:00:00', '0000-00-00 00:00:00'),
(29, 33, 18, 1000, 25.00, 250.00, 0.00, '0000-00-00 00:00:00', '0000-00-00 00:00:00'),
(30, 34, 17, 1, 12.00, 0.25, 0.00, '0000-00-00 00:00:00', '0000-00-00 00:00:00'),
(31, 34, 3, 1, 1.50, 0.25, 0.00, '0000-00-00 00:00:00', '0000-00-00 00:00:00'),
(32, 34, 6, 2000, 2.80, 500.00, 0.00, '0000-00-00 00:00:00', '0000-00-00 00:00:00'),
(33, 34, 4, 1000, 5.00, 250.00, 0.00, '0000-00-00 00:00:00', '0000-00-00 00:00:00'),
(34, 35, 15, 1000, 6.00, 250.00, 0.00, '0000-00-00 00:00:00', '0000-00-00 00:00:00'),
(35, 35, 11, 1000, 10.00, 250.00, 0.00, '0000-00-00 00:00:00', '0000-00-00 00:00:00'),
(36, 35, 13, 1000, 2.80, 250.00, 0.00, '0000-00-00 00:00:00', '0000-00-00 00:00:00'),
(37, 35, 19, 1000, 1.50, 250.00, 0.00, '0000-00-00 00:00:00', '0000-00-00 00:00:00'),
(38, 35, 43, 1000, 8.50, 250.00, 0.00, '0000-00-00 00:00:00', '0000-00-00 00:00:00'),
(39, 35, 58, 1000, 3.00, 250.00, 0.00, '0000-00-00 00:00:00', '0000-00-00 00:00:00'),
(40, 36, 7, 2000, 3.50, 500.00, 0.00, '0000-00-00 00:00:00', '0000-00-00 00:00:00'),
(41, 36, 10, 1000, 50.00, 250.00, 0.00, '0000-00-00 00:00:00', '0000-00-00 00:00:00'),
(42, 36, 14, 1000, 4.00, 250.00, 0.00, '0000-00-00 00:00:00', '0000-00-00 00:00:00'),
(43, 36, 16, 2000, 1.80, 500.00, 0.00, '0000-00-00 00:00:00', '0000-00-00 00:00:00'),
(44, 36, 59, 1000, 4.00, 250.00, 0.00, '0000-00-00 00:00:00', '0000-00-00 00:00:00');

-- --------------------------------------------------------

--
-- Table structure for table `roles`
--

CREATE TABLE `roles` (
  `id` int(10) NOT NULL,
  `name` varchar(20) NOT NULL,
  `updated_at` datetime DEFAULT NULL,
  `created_at` timestamp NOT NULL DEFAULT current_timestamp() ON UPDATE current_timestamp()
) ENGINE=InnoDB DEFAULT CHARSET=latin1 COLLATE=latin1_swedish_ci;

--
-- Dumping data for table `roles`
--

INSERT INTO `roles` (`id`, `name`, `updated_at`, `created_at`) VALUES
(1, 'Admin', '2024-03-02 04:59:14', '2024-03-01 22:59:14'),
(2, 'Manager', '2024-02-28 12:10:59', '2024-02-28 00:10:59'),
(4, 'Guest', '2024-03-07 10:24:21', '2024-03-06 22:24:21'),
(5, 'Manager', '2024-03-07 12:25:34', '2024-03-07 00:25:34'),
(6, 'Manager', '2024-03-07 12:25:53', '2024-03-07 00:25:53');

-- --------------------------------------------------------

--
-- Table structure for table `sales`
--

CREATE TABLE `sales` (
  `id` int(11) NOT NULL,
  `customer_name` varchar(255) DEFAULT NULL,
  `customer_contact` varchar(20) DEFAULT NULL,
  `total_amount` decimal(10,2) NOT NULL,
  `discount_amount` decimal(10,2) DEFAULT 0.00,
  `net_amount` decimal(10,2) NOT NULL,
  `sale_date` datetime NOT NULL,
  `customer_id` int(11) DEFAULT NULL,
  `created_at` timestamp NOT NULL DEFAULT current_timestamp(),
  `updated_at` timestamp NOT NULL DEFAULT current_timestamp() ON UPDATE current_timestamp()
) ENGINE=InnoDB DEFAULT CHARSET=utf8mb4 COLLATE=utf8mb4_general_ci;

--
-- Dumping data for table `sales`
--

INSERT INTO `sales` (`id`, `customer_name`, `customer_contact`, `total_amount`, `discount_amount`, `net_amount`, `sale_date`, `customer_id`, `created_at`, `updated_at`) VALUES
(1, 'fahim', '01268585', 3620.00, 250.00, 3525.00, '1970-01-01 00:00:00', 127, '2024-12-05 05:23:15', '2024-12-05 05:23:15'),
(2, 'Md. Rahim', '01712345678', 1500.00, 100.00, 1400.00, '2024-12-10 00:00:00', 1, '2024-12-17 17:43:52', '2024-12-17 17:43:52'),
(3, 'Sarah Khatun', '01898765432', 2500.00, 150.00, 2350.00, '2024-12-09 00:00:00', 2, '2024-12-17 17:43:52', '2024-12-17 17:43:52'),
(4, 'Alamin Sheikh', '01611223344', 1000.00, 50.00, 950.00, '2024-12-08 00:00:00', 3, '2024-12-17 17:43:52', '2024-12-17 17:43:52'),
(5, 'Ruma Akter', '01922334455', 3000.00, 200.00, 2800.00, '2024-12-07 00:00:00', 4, '2024-12-17 17:43:52', '2024-12-17 17:43:52'),
(6, 'Asif Hossain', '01733445566', 500.00, 25.00, 475.00, '2024-12-06 00:00:00', 5, '2024-12-17 17:43:52', '2024-12-17 17:43:52'),
(7, 'Tanvir Alam', '01844556677', 2000.00, 100.00, 1900.00, '2024-12-05 00:00:00', 6, '2024-12-17 17:43:52', '2024-12-17 17:43:52'),
(8, 'Shabnam Jahan', '01955667788', 750.00, 50.00, 700.00, '2024-12-04 00:00:00', 7, '2024-12-17 17:43:52', '2024-12-17 17:43:52'),
(9, 'Rubel Karim', '01666778899', 1800.00, 90.00, 1710.00, '2024-12-03 00:00:00', 8, '2024-12-17 17:43:52', '2024-12-17 17:43:52'),
(10, 'Nusrat Jahan', '01777889900', 1200.00, 60.00, 1140.00, '2024-12-02 00:00:00', 9, '2024-12-17 17:43:52', '2024-12-17 17:43:52'),
(11, 'Faruk Ahmed', '01888990011', 600.00, 30.00, 570.00, '2024-12-01 00:00:00', 10, '2024-12-17 17:43:52', '2024-12-17 17:43:52');

-- --------------------------------------------------------

--
-- Table structure for table `status`
--

CREATE TABLE `status` (
  `id` int(11) NOT NULL,
  `name` varchar(100) NOT NULL,
  `created_at` timestamp NOT NULL DEFAULT current_timestamp(),
  `updated_at` timestamp NOT NULL DEFAULT current_timestamp() ON UPDATE current_timestamp()
) ENGINE=InnoDB DEFAULT CHARSET=utf8mb4 COLLATE=utf8mb4_general_ci;

--
-- Dumping data for table `status`
--

INSERT INTO `status` (`id`, `name`, `created_at`, `updated_at`) VALUES
(8, 'Active', '2024-12-03 05:34:57', '2024-12-03 05:34:57'),
(9, 'Inactive', '2024-12-03 05:34:57', '2024-12-03 05:34:57'),
(10, 'Pending', '2024-12-03 05:34:57', '2024-12-03 05:34:57'),
(11, 'Completed', '2024-12-03 05:34:57', '2024-12-03 05:34:57'),
(12, 'Cancelled', '2024-12-03 05:34:57', '2024-12-03 05:34:57'),
(13, 'On Hold', '2024-12-03 05:34:57', '2024-12-03 05:34:57'),
(14, 'Processing', '2024-12-03 05:34:57', '2024-12-03 05:34:57'),
(15, 'Approved', '2024-12-03 05:34:57', '2024-12-03 05:34:57'),
(16, 'Rejected', '2024-12-03 05:34:57', '2024-12-03 05:34:57'),
(17, 'Failed', '2024-12-03 05:34:57', '2024-12-03 05:34:57');

-- --------------------------------------------------------

--
-- Table structure for table `stock`
--

CREATE TABLE `stock` (
  `id` int(11) NOT NULL,
  `product_id` int(50) DEFAULT NULL,
  `quantity` int(50) DEFAULT NULL,
  `transaction_type_id` int(50) DEFAULT NULL,
  `warehouse_id` int(50) DEFAULT NULL,
  `remark` varchar(100) DEFAULT NULL,
  `created_at` timestamp NULL DEFAULT current_timestamp(),
  `updated_at` timestamp NULL DEFAULT current_timestamp() ON UPDATE current_timestamp()
) ENGINE=InnoDB DEFAULT CHARSET=utf8mb4 COLLATE=utf8mb4_general_ci;

--
-- Dumping data for table `stock`
--

INSERT INTO `stock` (`id`, `product_id`, `quantity`, `transaction_type_id`, `warehouse_id`, `remark`, `created_at`, `updated_at`) VALUES
(1, 1, 50, 1, 101, 'Initial stock addition', '2024-12-02 08:15:13', '2024-12-02 08:15:13'),
(2, 2, 100, 2, 102, 'Restocked from supplier', '2024-12-02 08:15:13', '2024-12-02 08:15:13'),
(3, 3, 20, 3, 101, 'Sold items', '2024-12-02 08:15:13', '2024-12-02 08:15:13'),
(4, 4, 75, 1, 103, 'New batch received', '2024-12-02 08:15:13', '2024-12-02 08:15:13'),
(5, 5, 10, 3, 102, 'Items damaged and discarded', '2024-12-02 08:15:13', '2024-12-02 08:15:13'),
(6, 6, 200, 1, 104, 'Initial stock addition', '2024-12-02 08:15:13', '2024-12-02 08:15:13'),
(7, 7, 150, 2, 101, 'Bulk order restocked', '2024-12-02 08:15:13', '2024-12-02 08:15:13'),
(8, 8, 50, 3, 103, 'Items sold to customer', '2024-12-02 08:15:13', '2024-12-02 08:15:13'),
(9, 9, 300, 1, 102, 'Received promotional items', '2024-12-02 08:15:13', '2024-12-02 08:15:13'),
(10, 10, 30, 3, 101, 'Returned damaged goods', '2024-12-02 08:15:13', '2024-12-02 08:15:13'),
(11, 11, 80, 2, 103, 'Replenishment order', '2024-12-02 08:15:13', '2024-12-02 08:15:13'),
(12, 12, 25, 3, 104, 'Sale transaction', '2024-12-02 08:15:13', '2024-12-02 08:15:13'),
(13, 13, 90, 1, 102, 'Seasonal stock update', '2024-12-02 08:15:13', '2024-12-02 08:15:13'),
(14, 14, 40, 2, 101, 'Top-up stock order', '2024-12-02 08:15:13', '2024-12-02 08:15:13'),
(15, 15, 15, 3, 103, 'Expired items removed', '2024-12-02 08:15:13', '2024-12-02 08:15:13'),
(16, 16, 120, 1, 104, 'Initial warehouse supply', '2024-12-02 08:15:13', '2024-12-02 08:15:13'),
(17, 17, 60, 2, 102, 'Restocked after low inventory alert', '2024-12-02 08:15:13', '2024-12-02 08:15:13'),
(18, 18, 70, 3, 101, 'Bulk customer purchase', '2024-12-02 08:15:13', '2024-12-02 08:15:13'),
(19, 19, 130, 1, 103, 'Opening inventory', '2024-12-02 08:15:13', '2024-12-02 08:15:13'),
(20, 20, 20, 3, 104, 'Sample stock used for promotions', '2024-12-02 08:15:13', '2024-12-02 08:15:13'),
(21, 6, 1, 1, 1, '', '2024-12-17 04:11:41', '2024-12-17 04:11:41'),
(22, 1, 1000, 1, 1, '', '2024-12-17 04:11:41', '2024-12-17 04:11:41'),
(23, 5, 1000, 1, 1, '', '2024-12-17 04:11:41', '2024-12-17 04:11:41'),
(24, 12, 1000, 1, 1, '', '2024-12-17 04:11:41', '2024-12-17 04:11:41'),
(25, 18, 1000, 1, 1, '', '2024-12-17 04:11:41', '2024-12-17 04:11:41'),
(26, 6, 1, 1, 1, '', '2024-12-17 04:12:41', '2024-12-17 04:12:41'),
(27, 1, 1000, 1, 1, '', '2024-12-17 04:12:41', '2024-12-17 04:12:41'),
(28, 5, 1000, 1, 1, '', '2024-12-17 04:12:41', '2024-12-17 04:12:41'),
(29, 12, 1000, 1, 1, '', '2024-12-17 04:12:41', '2024-12-17 04:12:41'),
(30, 18, 1000, 1, 1, '', '2024-12-17 04:12:41', '2024-12-17 04:12:41'),
(31, 6, 1, 1, 1, '', '2024-12-17 04:12:43', '2024-12-17 04:12:43'),
(32, 1, 1000, 1, 1, '', '2024-12-17 04:12:43', '2024-12-17 04:12:43'),
(33, 5, 1000, 1, 1, '', '2024-12-17 04:12:43', '2024-12-17 04:12:43'),
(34, 12, 1000, 1, 1, '', '2024-12-17 04:12:43', '2024-12-17 04:12:43'),
(35, 18, 1000, 1, 1, '', '2024-12-17 04:12:43', '2024-12-17 04:12:43'),
(36, 6, 1, 1, 1, '', '2024-12-17 04:12:57', '2024-12-17 04:12:57'),
(37, 1, 1000, 1, 1, '', '2024-12-17 04:12:57', '2024-12-17 04:12:57'),
(38, 5, 1000, 1, 1, '', '2024-12-17 04:12:57', '2024-12-17 04:12:57'),
(39, 12, 1000, 1, 1, '', '2024-12-17 04:12:57', '2024-12-17 04:12:57'),
(40, 18, 1000, 1, 1, '', '2024-12-17 04:12:57', '2024-12-17 04:12:57'),
(41, 9, 200, 1, 1, '', '2024-12-17 04:29:16', '2024-12-17 04:29:16'),
(42, 23, 100, 1, 1, '', '2024-12-17 04:29:16', '2024-12-17 04:29:16'),
(43, 30, 200, 1, 1, '', '2024-12-17 04:29:16', '2024-12-17 04:29:16'),
(44, 46, 100, 1, 1, '', '2024-12-17 04:29:16', '2024-12-17 04:29:16'),
(45, 58, 300, 1, 1, '', '2024-12-17 04:29:16', '2024-12-17 04:29:16'),
(46, 57, 200, 1, 1, '', '2024-12-17 04:29:16', '2024-12-17 04:29:16'),
(47, 59, 100, 1, 1, '', '2024-12-17 04:29:16', '2024-12-17 04:29:16'),
(48, 54, 100, 1, 1, '', '2024-12-17 04:29:16', '2024-12-17 04:29:16'),
(49, 51, 100, 1, 1, '', '2024-12-17 04:29:16', '2024-12-17 04:29:16'),
(50, 48, 100, 1, 1, '', '2024-12-17 04:29:16', '2024-12-17 04:29:16'),
(51, 45, 100, 1, 1, '', '2024-12-17 04:29:16', '2024-12-17 04:29:16'),
(52, 42, 100, 1, 1, '', '2024-12-17 04:29:16', '2024-12-17 04:29:16'),
(53, 41, 100, 1, 1, '', '2024-12-17 04:29:16', '2024-12-17 04:29:16'),
(54, 34, 100, 1, 1, '', '2024-12-17 04:29:16', '2024-12-17 04:29:16'),
(55, 32, 100, 1, 1, '', '2024-12-17 04:29:16', '2024-12-17 04:29:16'),
(56, 24, 100, 1, 1, '', '2024-12-17 04:29:16', '2024-12-17 04:29:16'),
(57, 19, 100, 1, 1, '', '2024-12-17 04:29:16', '2024-12-17 04:29:16'),
(58, 2, 100, 1, 1, '', '2024-12-17 04:29:16', '2024-12-17 04:29:16'),
(59, 3, 100, 1, 1, '', '2024-12-17 04:29:16', '2024-12-17 04:29:16'),
(60, 4, 100, 1, 1, '', '2024-12-17 04:29:16', '2024-12-17 04:29:16'),
(61, 5, 100, 1, 1, '', '2024-12-17 04:29:16', '2024-12-17 04:29:16'),
(62, 4, 200, 1, 1, '', '2024-12-17 05:04:13', '2024-12-17 05:04:13'),
(63, 2, 100, 1, 1, '', '2024-12-17 05:04:13', '2024-12-17 05:04:13'),
(64, 3, 100, 1, 1, '', '2024-12-17 05:04:13', '2024-12-17 05:04:13'),
(65, 5, 100, 1, 1, '', '2024-12-17 05:04:13', '2024-12-17 05:04:13'),
(66, 6, 100, 1, 1, '', '2024-12-17 05:04:13', '2024-12-17 05:04:13'),
(67, 7, 100, 1, 1, '', '2024-12-17 05:04:13', '2024-12-17 05:04:13'),
(68, 8, 100, 1, 1, '', '2024-12-17 05:04:13', '2024-12-17 05:04:13'),
(69, 9, 100, 1, 1, '', '2024-12-17 05:04:13', '2024-12-17 05:04:13'),
(70, 10, 100, 1, 1, '', '2024-12-17 05:04:13', '2024-12-17 05:04:13'),
(71, 11, 100, 1, 1, '', '2024-12-17 05:04:13', '2024-12-17 05:04:13'),
(72, 12, 100, 1, 1, '', '2024-12-17 05:04:13', '2024-12-17 05:04:13'),
(73, 13, 100, 1, 1, '', '2024-12-17 05:04:13', '2024-12-17 05:04:13'),
(74, 14, 100, 1, 1, '', '2024-12-17 05:04:13', '2024-12-17 05:04:13'),
(75, 15, 100, 1, 1, '', '2024-12-17 05:04:13', '2024-12-17 05:04:13'),
(76, 3, 100, 1, 1, '', '2024-12-17 05:14:53', '2024-12-17 05:14:53'),
(77, 6, 100, 1, 1, '', '2024-12-17 05:14:53', '2024-12-17 05:14:53'),
(78, 10, 100, 1, 1, '', '2024-12-17 05:14:53', '2024-12-17 05:14:53'),
(79, 14, 100, 1, 1, '', '2024-12-17 05:14:53', '2024-12-17 05:14:53'),
(80, 3, 101, 1, 1, '', '2024-12-17 06:20:13', '2024-12-17 06:20:13'),
(81, 4, 1, 1, 1, '', '2024-12-17 06:20:13', '2024-12-17 06:20:13'),
(82, 5, 100, 1, 1, '', '2024-12-17 06:20:13', '2024-12-17 06:20:13'),
(83, 6, 100, 1, 1, '', '2024-12-17 06:20:13', '2024-12-17 06:20:13'),
(84, 7, 100, 1, 1, '', '2024-12-17 06:20:13', '2024-12-17 06:20:13'),
(85, 8, 100, 1, 1, '', '2024-12-17 06:20:13', '2024-12-17 06:20:13'),
(86, 9, 100, 1, 1, '', '2024-12-17 06:20:13', '2024-12-17 06:20:13'),
(87, 10, 100, 1, 1, '', '2024-12-17 06:20:13', '2024-12-17 06:20:13'),
(88, 11, 100, 1, 1, '', '2024-12-17 06:20:13', '2024-12-17 06:20:13'),
(89, 12, 100, 1, 1, '', '2024-12-17 06:20:13', '2024-12-17 06:20:13'),
(90, 13, 100, 1, 1, '', '2024-12-17 06:20:13', '2024-12-17 06:20:13'),
(91, 4, 100, 1, 1, '', '2024-12-17 06:22:30', '2024-12-17 06:22:30'),
(92, 6, 100, 1, 1, '', '2024-12-17 06:22:30', '2024-12-17 06:22:30'),
(93, 12, 100, 1, 1, '', '2024-12-17 06:22:30', '2024-12-17 06:22:30'),
(94, 19, 100, 1, 1, '', '2024-12-17 06:22:30', '2024-12-17 06:22:30'),
(95, 26, 100, 1, 1, '', '2024-12-17 06:22:30', '2024-12-17 06:22:30'),
(96, 32, 100, 1, 1, '', '2024-12-17 06:22:30', '2024-12-17 06:22:30'),
(97, 40, 100, 1, 1, '', '2024-12-17 06:22:30', '2024-12-17 06:22:30'),
(98, 2, 100, 1, 1, '', '2024-12-17 06:44:44', '2024-12-17 06:44:44'),
(99, 18, 4, 1, 1, '', '2024-12-17 17:05:28', '2024-12-17 17:05:28'),
(100, 3, 1000, 1, 1, '', '2024-12-17 17:05:28', '2024-12-17 17:05:28'),
(101, 4, 1000, 1, 1, '', '2024-12-17 17:05:28', '2024-12-17 17:05:28'),
(102, 6, 1000, 1, 1, '', '2024-12-17 17:05:28', '2024-12-17 17:05:28'),
(103, 9, 1000, 1, 1, '', '2024-12-17 17:05:28', '2024-12-17 17:05:28'),
(104, 13, 1000, 1, 1, '', '2024-12-17 17:05:28', '2024-12-17 17:05:28'),
(105, 24, 1000, 1, 1, '', '2024-12-17 17:05:28', '2024-12-17 17:05:28'),
(106, 38, 1000, 1, 1, '', '2024-12-17 17:05:28', '2024-12-17 17:05:28'),
(107, 48, 1000, 1, 1, '', '2024-12-17 17:05:28', '2024-12-17 17:05:28'),
(108, 2, 1000, 1, 1, '', '2024-12-17 19:06:58', '2024-12-17 19:06:58'),
(109, 19, 1, 1, 1, '', '2024-12-18 06:48:31', '2024-12-18 06:48:31'),
(110, 18, 1000, 1, 1, '', '2024-12-18 06:48:31', '2024-12-18 06:48:31'),
(111, 2, 1000, 1, 1, '', '2024-12-18 06:48:31', '2024-12-18 06:48:31'),
(112, 9, 1000, 1, 1, '', '2024-12-18 06:48:31', '2024-12-18 06:48:31'),
(113, 19, 1000, 1, 1, '', '2024-12-18 06:48:56', '2024-12-18 06:48:56'),
(114, 17, 1000, 1, 1, '', '2024-12-18 06:48:56', '2024-12-18 06:48:56'),
(115, 20, 1000, 1, 1, '', '2024-12-23 05:41:24', '2024-12-23 05:41:24'),
(116, 17, 1000, 1, 1, '', '2024-12-23 05:41:24', '2024-12-23 05:41:24'),
(117, 16, 1000, 1, 1, '', '2024-12-23 05:41:24', '2024-12-23 05:41:24'),
(118, 15, 5000, 1, 1, '', '2024-12-23 05:41:24', '2024-12-23 05:41:24'),
(119, 2, 1, 1, 1, '', '2024-12-23 05:51:25', '2024-12-23 05:51:25'),
(120, 5, 1, 1, 1, '', '2024-12-23 05:51:25', '2024-12-23 05:51:25'),
(121, 13, -1, 1, 1, '', '2024-12-23 05:55:10', '2024-12-23 05:55:10'),
(122, 13, -9, 1, 1, '', '2024-12-23 05:59:52', '2024-12-23 05:59:52'),
(123, 9, -1, 1, 1, '', '2024-12-23 06:03:23', '2024-12-23 06:03:23'),
(124, 9, -1, 1, 1, '', '2024-12-23 06:05:32', '2024-12-23 06:05:32'),
(125, 9, -1, 1, 1, '', '2024-12-23 06:08:08', '2024-12-23 06:08:08'),
(126, 9, -1, 1, 1, '', '2024-12-23 06:09:43', '2024-12-23 06:09:43'),
(127, 9, -1, 1, 1, '', '2024-12-23 06:10:29', '2024-12-23 06:10:29'),
(128, 9, -1, 1, 1, '', '2024-12-23 06:12:20', '2024-12-23 06:12:20'),
(129, 13, -32, 1, 1, '', '2024-12-23 06:17:38', '2024-12-23 06:17:38'),
(130, 13, -32, 1, 1, '', '2024-12-23 06:17:40', '2024-12-23 06:17:40'),
(131, 13, -32, 1, 1, '', '2024-12-23 06:17:41', '2024-12-23 06:17:41'),
(132, 13, -32, 1, 1, '', '2024-12-23 06:17:48', '2024-12-23 06:17:48'),
(133, 1, -1, 1, 1, '', '2024-12-23 06:18:25', '2024-12-23 06:18:25'),
(134, 11, -2, 1, 1, '', '2024-12-23 06:23:35', '2024-12-23 06:23:35'),
(135, 18, -1000, 1, 1, '', '2024-12-23 06:31:00', '2024-12-23 06:31:00'),
(136, 16, -1000, 1, 1, '', '2024-12-23 06:31:00', '2024-12-23 06:31:00'),
(137, 14, -1000, 1, 1, '', '2024-12-23 06:31:00', '2024-12-23 06:31:00'),
(138, 12, -1000, 1, 1, '', '2024-12-23 06:31:00', '2024-12-23 06:31:00'),
(139, 2, -1000, 1, 1, '', '2024-12-23 06:32:11', '2024-12-23 06:32:11'),
(140, 3, -1000, 1, 1, '', '2024-12-23 06:32:11', '2024-12-23 06:32:11'),
(141, 7, -1000, 1, 1, '', '2024-12-23 06:32:12', '2024-12-23 06:32:12'),
(142, 10, -1000, 1, 1, '', '2024-12-23 06:32:12', '2024-12-23 06:32:12'),
(143, 14, -101, 1, 1, '', '2024-12-23 06:36:16', '2024-12-23 06:36:16'),
(144, 16, -100, 1, 1, '', '2024-12-23 06:36:16', '2024-12-23 06:36:16'),
(145, 13, -100, 1, 1, '', '2024-12-23 06:36:16', '2024-12-23 06:36:16'),
(146, 11, -100, 1, 1, '', '2024-12-23 06:36:16', '2024-12-23 06:36:16'),
(147, 9, -100, 1, 1, '', '2024-12-23 06:36:16', '2024-12-23 06:36:16'),
(148, 43, -100, 1, 1, '', '2024-12-23 06:36:16', '2024-12-23 06:36:16'),
(149, 16, -100, 1, 1, '', '2024-12-23 06:40:45', '2024-12-23 06:40:45'),
(150, 14, -200, 1, 1, '', '2024-12-23 06:40:46', '2024-12-23 06:40:46'),
(151, 13, -100, 1, 1, '', '2024-12-23 06:40:46', '2024-12-23 06:40:46'),
(152, 2, -100, 1, 1, '', '2024-12-23 06:40:46', '2024-12-23 06:40:46'),
(153, 7, -100, 1, 1, '', '2024-12-23 06:40:46', '2024-12-23 06:40:46'),
(154, 17, -100, 1, 1, '', '2024-12-23 06:49:14', '2024-12-23 06:49:14'),
(155, 16, -100, 1, 1, '', '2024-12-23 06:56:59', '2024-12-23 06:56:59'),
(156, 14, -100, 1, 1, '', '2024-12-23 06:56:59', '2024-12-23 06:56:59'),
(157, 17, -100, 1, 1, '', '2024-12-23 06:57:00', '2024-12-23 06:57:00'),
(158, 8, -100, 1, 1, '', '2024-12-23 06:57:00', '2024-12-23 06:57:00'),
(159, 17, -1, 1, 1, '', '2024-12-28 03:28:01', '2024-12-28 03:28:01'),
(160, 15, -1001, 1, 1, '', '2024-12-28 03:28:01', '2024-12-28 03:28:01'),
(161, 13, -1, 1, 1, '', '2024-12-28 03:28:01', '2024-12-28 03:28:01'),
(162, 20, -1000, 1, 1, '', '2024-12-29 05:48:24', '2024-12-29 05:48:24'),
(163, 17, -1000, 1, 1, '', '2024-12-29 05:48:24', '2024-12-29 05:48:24'),
(164, 17, 1000, 1, 1, '', '2024-12-29 05:50:28', '2024-12-29 05:50:28'),
(165, 42, 1000, 1, 1, '', '2024-12-29 05:50:28', '2024-12-29 05:50:28'),
(166, 58, 4000, 1, 1, '', '2024-12-29 05:50:28', '2024-12-29 05:50:28'),
(167, 15, 1001, 1, 1, '', '2024-12-29 05:56:35', '2024-12-29 05:56:35'),
(168, 8, 2000, 1, 1, '', '2024-12-29 05:56:35', '2024-12-29 05:56:35'),
(169, 4, 5, 1, 1, '', '2024-12-29 06:13:32', '2024-12-29 06:13:32'),
(170, 7, 10, 1, 1, '', '2024-12-29 06:13:33', '2024-12-29 06:13:33'),
(171, 19, 100, 1, 1, '', '2024-12-29 06:24:21', '2024-12-29 06:24:21'),
(172, 3, 100, 1, 1, '', '2024-12-29 06:24:21', '2024-12-29 06:24:21'),
(173, 7, 100, 1, 1, '', '2024-12-29 06:24:21', '2024-12-29 06:24:21'),
(174, 9, 100, 1, 1, '', '2024-12-29 06:24:21', '2024-12-29 06:24:21'),
(175, 15, 1000, 1, 1, '', '2024-12-29 06:27:14', '2024-12-29 06:27:14'),
(176, 13, 1000, 1, 1, '', '2024-12-29 06:27:14', '2024-12-29 06:27:14'),
(177, 15, 1000, 1, 1, '', '2024-12-29 06:33:50', '2024-12-29 06:33:50'),
(178, 14, 1000, 1, 1, '', '2024-12-29 06:33:50', '2024-12-29 06:33:50'),
(179, 11, 1000, 1, 1, '', '2024-12-29 06:33:50', '2024-12-29 06:33:50'),
(180, 17, 1000, 1, 1, '', '2024-12-29 06:33:50', '2024-12-29 06:33:50'),
(181, 19, 100, 1, 1, '', '2024-12-29 06:44:02', '2024-12-29 06:44:02'),
(182, 18, 1000, 1, 1, '', '2024-12-29 06:44:02', '2024-12-29 06:44:02'),
(183, 20, 1000, 1, 1, '', '2024-12-29 06:45:10', '2024-12-29 06:45:10'),
(184, 17, 1, 1, 1, '', '2024-12-29 07:33:01', '2024-12-29 07:33:01'),
(185, 9, 1, 1, 1, '', '2024-12-29 07:33:02', '2024-12-29 07:33:02'),
(186, 7, 100, 1, 1, '', '2024-12-29 07:33:02', '2024-12-29 07:33:02'),
(187, 14, 1, 1, 1, '', '2024-12-29 07:33:40', '2024-12-29 07:33:40'),
(188, 6, 1, 1, 1, '', '2024-12-29 07:33:40', '2024-12-29 07:33:40'),
(189, 15, 1, 1, 1, '', '2024-12-29 07:34:06', '2024-12-29 07:34:06'),
(190, 17, 1, 1, 1, '', '2024-12-29 07:34:06', '2024-12-29 07:34:06'),
(191, 15, 1000, 1, 1, '', '2024-12-30 03:11:02', '2024-12-30 03:11:02'),
(192, 18, 1000, 1, 1, '', '2024-12-30 03:11:02', '2024-12-30 03:11:02'),
(193, 15, -1000, 1, 1, '', '2024-12-30 03:21:16', '2024-12-30 03:21:16'),
(194, 5, -1000, 1, 1, '', '2024-12-30 03:21:17', '2024-12-30 03:21:17'),
(195, 17, 1, 1, 1, '', '2024-12-30 05:10:50', '2024-12-30 05:10:50'),
(196, 3, 1, 1, 1, '', '2024-12-30 05:10:50', '2024-12-30 05:10:50'),
(197, 6, 2000, 1, 1, '', '2024-12-30 05:10:50', '2024-12-30 05:10:50'),
(198, 4, 1000, 1, 1, '', '2024-12-30 05:10:50', '2024-12-30 05:10:50'),
(199, 1, -1000, 1, 1, '', '2024-12-30 05:31:00', '2024-12-30 05:31:00'),
(200, 15, -1000, 1, 1, '', '2024-12-30 06:19:16', '2024-12-30 06:19:16'),
(201, 20, -1000, 1, 1, '', '2024-12-30 06:19:16', '2024-12-30 06:19:16'),
(202, 16, -1000, 1, 1, '', '2024-12-30 06:19:16', '2024-12-30 06:19:16'),
(203, 7, -1000, 1, 1, '', '2024-12-30 06:19:16', '2024-12-30 06:19:16'),
(204, 15, 1000, 1, 1, '', '2024-12-30 06:21:06', '2024-12-30 06:21:06'),
(205, 11, 1000, 1, 1, '', '2024-12-30 06:21:06', '2024-12-30 06:21:06'),
(206, 13, 1000, 1, 1, '', '2024-12-30 06:21:06', '2024-12-30 06:21:06'),
(207, 19, 1000, 1, 1, '', '2024-12-30 06:21:07', '2024-12-30 06:21:07'),
(208, 43, 1000, 1, 1, '', '2024-12-30 06:21:07', '2024-12-30 06:21:07'),
(209, 58, 1000, 1, 1, '', '2024-12-30 06:21:07', '2024-12-30 06:21:07'),
(210, 7, 2000, 1, 1, '', '2024-12-30 06:30:05', '2024-12-30 06:30:05'),
(211, 10, 1000, 1, 1, '', '2024-12-30 06:30:05', '2024-12-30 06:30:05'),
(212, 14, 1000, 1, 1, '', '2024-12-30 06:30:05', '2024-12-30 06:30:05'),
(213, 16, 2000, 1, 1, '', '2024-12-30 06:30:05', '2024-12-30 06:30:05'),
(214, 59, 1000, 1, 1, '', '2024-12-30 06:30:05', '2024-12-30 06:30:05'),
(215, 8, -1000, 1, 1, '', '2024-12-30 07:37:07', '2024-12-30 07:37:07'),
(216, 39, -1000, 1, 1, '', '2024-12-30 07:37:07', '2024-12-30 07:37:07'),
(217, 11, 1000, 1, 1, '', '2024-12-30 07:39:34', '2024-12-30 07:39:34'),
(218, 13, 1000, 1, 1, '', '2024-12-30 07:39:34', '2024-12-30 07:39:34'),
(219, 31, 1000, 1, 1, '', '2024-12-30 07:39:34', '2024-12-30 07:39:34'),
(220, 26, 1000, 1, 1, '', '2024-12-30 07:39:34', '2024-12-30 07:39:34'),
(221, 12, 1000, 1, 1, '', '2024-12-31 04:09:32', '2024-12-31 04:09:32'),
(222, 11, 1000, 1, 1, '', '2024-12-31 04:09:32', '2024-12-31 04:09:32'),
(223, 7, 2000, 1, 1, '', '2024-12-31 04:09:32', '2024-12-31 04:09:32'),
(224, 16, 1000, 1, 1, '', '2024-12-31 04:10:20', '2024-12-31 04:10:20'),
(225, 17, 1000, 1, 1, '', '2024-12-31 04:10:20', '2024-12-31 04:10:20'),
(226, 16, 1001, 1, 1, '', '2024-12-31 04:11:34', '2024-12-31 04:11:34'),
(227, 7, 1000, 1, 1, '', '2024-12-31 04:11:34', '2024-12-31 04:11:34'),
(228, 9, 1000, 1, 1, '', '2024-12-31 04:11:34', '2024-12-31 04:11:34'),
(229, 17, -2000, 1, 1, '', '2024-12-31 04:13:32', '2024-12-31 04:13:32'),
(230, 17, -1000, 1, 1, '', '2024-12-31 04:23:03', '2024-12-31 04:23:03'),
(231, 8, -1000, 1, 1, '', '2024-12-31 04:23:03', '2024-12-31 04:23:03'),
(232, 18, 1000, 1, 1, '', '2024-12-31 04:24:24', '2024-12-31 04:24:24'),
(233, 17, 1000, 1, 1, '', '2024-12-31 04:43:51', '2024-12-31 04:43:51'),
(234, 7, 1000, 1, 1, '', '2024-12-31 04:43:51', '2024-12-31 04:43:51'),
(235, 12, 1000, 1, 1, '', '2024-12-31 04:45:10', '2024-12-31 04:45:10');

-- --------------------------------------------------------

--
-- Table structure for table `stock_adjustments`
--

CREATE TABLE `stock_adjustments` (
  `id` int(11) NOT NULL,
  `name` varchar(100) NOT NULL,
  `adjustment_type` varchar(20) DEFAULT NULL,
  `warehouse_id` int(10) DEFAULT NULL,
  `remark` varchar(100) DEFAULT NULL,
  `created_at` timestamp NOT NULL DEFAULT current_timestamp(),
  `updated_at` timestamp NOT NULL DEFAULT current_timestamp() ON UPDATE current_timestamp()
) ENGINE=InnoDB DEFAULT CHARSET=utf8mb4 COLLATE=utf8mb4_general_ci;

--
-- Dumping data for table `stock_adjustments`
--

INSERT INTO `stock_adjustments` (`id`, `name`, `adjustment_type`, `warehouse_id`, `remark`, `created_at`, `updated_at`) VALUES
(21, 'Medicine Stock Correction', 'Increase', 101, 'Stock quantity adjusted after inventory review', '2024-12-02 08:25:10', '2024-12-02 08:25:10'),
(22, 'Surgical Supplies Adjustment', 'Decrease', 102, 'Removed expired items from stock', '2024-12-02 08:25:10', '2024-12-02 08:25:10'),
(23, 'Health Supplements Recalculation', 'Increase', 103, 'Stock discrepancy corrected after audit', '2024-12-02 08:25:10', '2024-12-02 08:25:10'),
(24, 'Baby Care Product Stock Update', 'Decrease', 104, 'Stock removed due to damaged goods', '2024-12-02 08:25:10', '2024-12-02 08:25:10'),
(25, 'Personal Care Item Adjustment', 'Increase', 101, 'Stock updated due to incoming order', '2024-12-02 08:25:10', '2024-12-02 08:25:10'),
(26, 'Orthopedic Support Stock Correction', 'Decrease', 102, 'Items sold but not recorded correctly', '2024-12-02 08:25:10', '2024-12-02 08:25:10'),
(27, 'Medical Equipment Stock Increase', 'Increase', 103, 'Stock added after restocking from supplier', '2024-12-02 08:25:10', '2024-12-02 08:25:10'),
(28, 'First Aid Kit Adjustment', 'Decrease', 104, 'Expired stock removed from inventory', '2024-12-02 08:25:10', '2024-12-02 08:25:10'),
(29, 'Vitamins Stock Correction', 'Increase', 101, 'Added missing stock after audit', '2024-12-02 08:25:10', '2024-12-02 08:25:10'),
(30, 'Diagnostic Tools Adjustment', 'Decrease', 102, 'Stock discrepancy due to system error', '2024-12-02 08:25:10', '2024-12-02 08:25:10'),
(31, 'Pain Relief Stock Update', 'Increase', 103, 'Stock replenished after new batch arrival', '2024-12-02 08:25:10', '2024-12-02 08:25:10'),
(32, 'Antibiotics Adjustment', 'Decrease', 104, 'Removed stock due to damage in shipment', '2024-12-02 08:25:10', '2024-12-02 08:25:10'),
(33, 'Injectables Stock Correction', 'Increase', 101, 'Stock increased after replenishment', '2024-12-02 08:25:10', '2024-12-02 08:25:10'),
(34, 'OTC Medicines Adjustment', 'Decrease', 102, 'Items returned to supplier due to defect', '2024-12-02 08:25:10', '2024-12-02 08:25:10'),
(35, 'Medical Consumables Stock Update', 'Increase', 103, 'Stock adjusted after recount', '2024-12-02 08:25:10', '2024-12-02 08:25:10'),
(36, 'Surgical Masks Adjustment', 'Decrease', 104, 'Expired stock discarded', '2024-12-02 08:25:10', '2024-12-02 08:25:10'),
(37, 'Disinfectants Stock Correction', 'Increase', 101, 'Stock increased after supply received', '2024-12-02 08:25:10', '2024-12-02 08:25:10'),
(38, 'Bandages Stock Update', 'Decrease', 102, 'Incorrect stock recorded, adjusted', '2024-12-02 08:25:10', '2024-12-02 08:25:10'),
(39, 'Eye Care Products Adjustment', 'Increase', 103, 'Stock updated from new delivery', '2024-12-02 08:25:10', '2024-12-02 08:25:10'),
(40, 'Nutritional Supplements Adjustment', 'Decrease', 104, 'Removed expired supplements', '2024-12-02 08:25:10', '2024-12-02 08:25:10');

-- --------------------------------------------------------

--
-- Table structure for table `stock_adjustment_details`
--

CREATE TABLE `stock_adjustment_details` (
  `id` int(11) NOT NULL,
  `stock_adjustment_id` int(50) DEFAULT NULL,
  `product_id` int(50) DEFAULT NULL,
  `quantity` int(50) DEFAULT NULL,
  `price` decimal(10,2) DEFAULT NULL,
  `remark` varchar(100) DEFAULT NULL,
  `created_at` timestamp NOT NULL DEFAULT current_timestamp(),
  `updated_at` timestamp NOT NULL DEFAULT current_timestamp() ON UPDATE current_timestamp()
) ENGINE=InnoDB DEFAULT CHARSET=utf8mb4 COLLATE=utf8mb4_general_ci;

--
-- Dumping data for table `stock_adjustment_details`
--

INSERT INTO `stock_adjustment_details` (`id`, `stock_adjustment_id`, `product_id`, `quantity`, `price`, `remark`, `created_at`, `updated_at`) VALUES
(1, 1, 101, 50, 15.00, 'Adjusted for inventory audit', '2024-12-03 05:29:51', '2024-12-03 05:29:51'),
(2, 1, 102, -10, 25.00, 'Removed due to damage', '2024-12-03 05:29:51', '2024-12-03 05:29:51'),
(3, 2, 103, 30, 12.50, 'Stock correction for discrepancy', '2024-12-03 05:29:51', '2024-12-03 05:29:51'),
(4, 2, 104, -5, 18.00, 'Expired stock discarded', '2024-12-03 05:29:51', '2024-12-03 05:29:51'),
(5, 3, 105, 20, 10.00, 'Stock replenished after supplier delivery', '2024-12-03 05:29:51', '2024-12-03 05:29:51'),
(6, 3, 106, -15, 8.00, 'Removed due to incorrect entry', '2024-12-03 05:29:51', '2024-12-03 05:29:51'),
(7, 4, 107, 60, 5.00, 'Added promotional items', '2024-12-03 05:29:51', '2024-12-03 05:29:51'),
(8, 4, 108, -8, 20.00, 'Sample stock distributed', '2024-12-03 05:29:51', '2024-12-03 05:29:51'),
(9, 5, 109, 40, 9.50, 'Restocked from returned items', '2024-12-03 05:29:51', '2024-12-03 05:29:51'),
(10, 5, 110, -12, 14.00, 'Stock adjustment after sale error', '2024-12-03 05:29:51', '2024-12-03 05:29:51'),
(11, 6, 111, 25, 22.00, 'New batch received', '2024-12-03 05:29:51', '2024-12-03 05:29:51'),
(12, 6, 112, -7, 19.00, 'Stock removed due to defects', '2024-12-03 05:29:51', '2024-12-03 05:29:51'),
(13, 7, 113, 15, 11.50, 'Inventory audit correction', '2024-12-03 05:29:51', '2024-12-03 05:29:51'),
(14, 7, 114, -6, 13.00, 'Stock loss adjustment', '2024-12-03 05:29:51', '2024-12-03 05:29:51'),
(15, 8, 115, 10, 16.00, 'Promotional items added to stock', '2024-12-03 05:29:51', '2024-12-03 05:29:51'),
(16, 8, 116, -3, 7.50, 'Stock used for internal testing', '2024-12-03 05:29:51', '2024-12-03 05:29:51'),
(17, 9, 117, 35, 6.00, 'Restocked items after recount', '2024-12-03 05:29:51', '2024-12-03 05:29:51'),
(18, 9, 118, -4, 12.75, 'Stock removed due to expiry', '2024-12-03 05:29:51', '2024-12-03 05:29:51'),
(19, 10, 119, 50, 17.00, 'New delivery recorded', '2024-12-03 05:29:51', '2024-12-03 05:29:51'),
(20, 10, 120, -9, 21.00, 'Damaged stock removed', '2024-12-03 05:29:51', '2024-12-03 05:29:51');

-- --------------------------------------------------------

--
-- Table structure for table `suppliers`
--

CREATE TABLE `suppliers` (
  `id` int(11) NOT NULL,
  `name` varchar(100) DEFAULT NULL,
  `email` varchar(100) DEFAULT NULL,
  `phone` int(50) DEFAULT NULL,
  `website` varchar(100) DEFAULT NULL,
  `address` varchar(100) DEFAULT NULL,
  `photo` varchar(100) DEFAULT NULL,
  `created_at` timestamp NOT NULL DEFAULT current_timestamp(),
  `updated_at` timestamp NOT NULL DEFAULT current_timestamp() ON UPDATE current_timestamp()
) ENGINE=InnoDB DEFAULT CHARSET=utf8mb4 COLLATE=utf8mb4_general_ci;

--
-- Dumping data for table `suppliers`
--

INSERT INTO `suppliers` (`id`, `name`, `email`, `phone`, `website`, `address`, `photo`, `created_at`, `updated_at`) VALUES
(1, 'MedCare Pharma', 'info@medcarepharma.com', 1712345678, 'www.medcarepharma.com', 'Sector 10, Uttara, Dhaka', 'medcare_photo.jpg', '2024-12-17 17:52:40', '2024-12-17 17:52:40'),
(2, 'HealthPlus Supplies', 'contact@healthplus.com', 1898765432, 'www.healthplus.com', 'GEC Circle, Chattogram', 'healthplus_photo.jpg', '2024-12-17 17:52:40', '2024-12-17 17:52:40'),
(3, 'Wellness Distributors', 'sales@wellnessdist.com', 1611223344, 'www.wellnessdist.com', 'Rajshahi City Center, Rajshahi', 'wellness_photo.jpg', '2024-12-17 17:52:40', '2024-12-17 17:52:40'),
(4, 'CurePath Suppliers', 'support@curepath.com', 1922334455, 'www.curepath.com', 'KDA Avenue, Khulna', 'curepath_photo.jpg', '2024-12-17 17:52:40', '2024-12-17 17:52:40'),
(5, 'LifeLine Traders', 'info@lifelinebd.com', 1733445566, 'www.lifelinebd.com', 'Zindabazar, Sylhet', 'lifeline_photo.jpg', '2024-12-17 17:52:40', '2024-12-17 17:52:40'),
(6, 'MediSource Ltd.', 'contact@medisource.com', 1844556677, 'www.medisource.com', 'Barishal Sadar, Barishal', 'medisource_photo.jpg', '2024-12-17 17:52:40', '2024-12-17 17:52:40'),
(7, 'PharmaLink Bangladesh', 'info@pharmalinkbd.com', 1955667788, 'www.pharmalinkbd.com', 'Mymensingh Town Hall, Mymensingh', 'pharmalink_photo.jpg', '2024-12-17 17:52:40', '2024-12-17 17:52:40'),
(8, 'Global Health Supplies', 'sales@globalhealth.com', 1666778899, 'www.globalhealth.com', 'Cumilla Bypass, Cumilla', 'globalhealth_photo.jpg', '2024-12-17 17:52:40', '2024-12-17 17:52:40'),
(9, 'PrimePharm Distributors', 'support@primepharm.com', 1777889900, 'www.primepharm.com', 'Savar EPZ, Savar', 'primepharm_photo.jpg', '2024-12-17 17:52:40', '2024-12-17 17:52:40'),
(10, 'Universal Pharma', 'contact@universalpharma.com', 1888990011, 'www.universalpharma.com', 'Gazipur Chowrasta, Gazipur', 'universal_photo.jpg', '2024-12-17 17:52:40', '2024-12-17 17:52:40');

-- --------------------------------------------------------

--
-- Table structure for table `supplier_returns`
--

CREATE TABLE `supplier_returns` (
  `id` int(11) NOT NULL,
  `supplier_id` int(50) DEFAULT NULL,
  `purchase_id` int(50) DEFAULT NULL,
  `product_id` int(50) DEFAULT NULL,
  `total_order` decimal(10,2) NOT NULL,
  `total_return` decimal(10,2) DEFAULT NULL
) ENGINE=InnoDB DEFAULT CHARSET=utf8mb4 COLLATE=utf8mb4_general_ci;

--
-- Dumping data for table `supplier_returns`
--

INSERT INTO `supplier_returns` (`id`, `supplier_id`, `purchase_id`, `product_id`, `total_order`, `total_return`) VALUES
(1, 1, 101, 1001, 500.00, 50.00),
(2, 2, 102, 1002, 300.00, 30.00),
(3, 3, 103, 1003, 400.00, 40.00),
(4, 4, 104, 1004, 600.00, 60.00),
(5, 5, 105, 1005, 250.00, 25.00),
(6, 6, 106, 1006, 700.00, 70.00),
(7, 7, 107, 1007, 800.00, 80.00),
(8, 8, 108, 1008, 550.00, 55.00),
(9, 9, 109, 1009, 900.00, 90.00),
(10, 10, 110, 1010, 1000.00, 100.00),
(11, 11, 111, 1011, 750.00, 75.00),
(12, 12, 112, 1012, 450.00, 45.00),
(13, 13, 113, 1013, 350.00, 35.00),
(14, 14, 114, 1014, 250.00, 25.00),
(15, 15, 115, 1015, 200.00, 20.00),
(16, 16, 116, 1016, 300.00, 30.00),
(17, 17, 117, 1017, 400.00, 40.00),
(18, 18, 118, 1018, 600.00, 60.00),
(19, 19, 119, 1019, 850.00, 85.00),
(20, 20, 120, 1020, 950.00, 95.00);

-- --------------------------------------------------------

--
-- Table structure for table `transaction_types`
--

CREATE TABLE `transaction_types` (
  `id` int(11) NOT NULL,
  `name` varchar(100) NOT NULL,
  `factor` int(20) DEFAULT NULL,
  `created_at` timestamp NOT NULL DEFAULT current_timestamp(),
  `updated_at` timestamp NOT NULL DEFAULT current_timestamp() ON UPDATE current_timestamp()
) ENGINE=InnoDB DEFAULT CHARSET=utf8mb4 COLLATE=utf8mb4_general_ci;

--
-- Dumping data for table `transaction_types`
--

INSERT INTO `transaction_types` (`id`, `name`, `factor`, `created_at`, `updated_at`) VALUES
(1, 'Purchase', 1, '2024-12-03 05:32:56', '2024-12-03 05:32:56'),
(2, 'Sale', -1, '2024-12-03 05:32:56', '2024-12-03 05:32:56'),
(3, 'Return to Supplier', -1, '2024-12-03 05:32:56', '2024-12-03 05:32:56'),
(4, 'Return from Customer', 1, '2024-12-03 05:32:56', '2024-12-03 05:32:56'),
(5, 'Stock Adjustment Increase', 1, '2024-12-03 05:32:56', '2024-12-03 05:32:56'),
(6, 'Stock Adjustment Decrease', -1, '2024-12-03 05:32:56', '2024-12-03 05:32:56'),
(7, 'Damage or Loss', -1, '2024-12-03 05:32:56', '2024-12-03 05:32:56'),
(8, 'Opening Balance', 1, '2024-12-03 05:32:56', '2024-12-03 05:32:56'),
(9, 'Internal Transfer In', 1, '2024-12-03 05:32:56', '2024-12-03 05:32:56'),
(10, 'Internal Transfer Out', -1, '2024-12-03 05:32:56', '2024-12-03 05:32:56');

-- --------------------------------------------------------

--
-- Table structure for table `uom`
--

CREATE TABLE `uom` (
  `id` int(11) NOT NULL,
  `name` varchar(100) NOT NULL,
  `created_at` timestamp NOT NULL DEFAULT current_timestamp(),
  `updated_at` timestamp NOT NULL DEFAULT current_timestamp() ON UPDATE current_timestamp()
) ENGINE=InnoDB DEFAULT CHARSET=utf8mb4 COLLATE=utf8mb4_general_ci;

--
-- Dumping data for table `uom`
--

INSERT INTO `uom` (`id`, `name`, `created_at`, `updated_at`) VALUES
(1, 'Piece', '2024-12-02 08:17:40', '2024-12-02 08:17:40'),
(2, 'Box', '2024-12-02 08:17:40', '2024-12-02 08:17:40'),
(3, 'Bottle', '2024-12-02 08:17:40', '2024-12-02 08:17:40'),
(4, 'Strip', '2024-12-02 08:17:40', '2024-12-02 08:17:40'),
(5, 'Tablet', '2024-12-02 08:17:40', '2024-12-02 08:17:40'),
(6, 'Capsule', '2024-12-02 08:17:40', '2024-12-02 08:17:40'),
(7, 'Packet', '2024-12-02 08:17:40', '2024-12-02 08:17:40'),
(8, 'Tube', '2024-12-02 08:17:40', '2024-12-02 08:17:40'),
(9, 'Syringe', '2024-12-02 08:17:40', '2024-12-02 08:17:40'),
(10, 'Dropper', '2024-12-02 08:17:40', '2024-12-02 08:17:40'),
(11, 'Vial', '2024-12-02 08:17:40', '2024-12-02 08:17:40'),
(12, 'Canister', '2024-12-02 08:17:40', '2024-12-02 08:17:40'),
(13, 'Carton', '2024-12-02 08:17:40', '2024-12-02 08:17:40'),
(14, 'Liter', '2024-12-02 08:17:40', '2024-12-02 08:17:40'),
(15, 'Milliliter', '2024-12-02 08:17:40', '2024-12-02 08:17:40'),
(16, 'Gram', '2024-12-02 08:17:40', '2024-12-02 08:17:40'),
(17, 'Kilogram', '2024-12-02 08:17:40', '2024-12-02 08:17:40'),
(18, 'Inhaler', '2024-12-02 08:17:40', '2024-12-02 08:17:40'),
(19, 'Ampoule', '2024-12-02 08:17:40', '2024-12-02 08:17:40'),
(20, 'Powder Sachet', '2024-12-02 08:17:40', '2024-12-02 08:17:40');

-- --------------------------------------------------------

--
-- Table structure for table `users`
--

CREATE TABLE `users` (
  `id` int(10) NOT NULL,
  `name` varchar(50) DEFAULT NULL,
  `role_id` int(10) DEFAULT NULL,
  `password` varchar(100) DEFAULT NULL,
  `email` varchar(50) DEFAULT NULL,
  `full_name` varchar(50) DEFAULT NULL,
  `created_at` timestamp NOT NULL DEFAULT current_timestamp() ON UPDATE current_timestamp(),
  `photo` varchar(50) DEFAULT NULL,
  `verify_code` varchar(50) DEFAULT NULL,
  `inactive` tinyint(1) UNSIGNED DEFAULT 0,
  `mobile` varchar(50) DEFAULT NULL,
  `updated_at` datetime DEFAULT NULL,
  `ip` varchar(45) DEFAULT NULL,
  `email_verified_at` datetime DEFAULT NULL,
  `remember_token` varchar(145) DEFAULT NULL
) ENGINE=InnoDB DEFAULT CHARSET=latin1 COLLATE=latin1_swedish_ci;

--
-- Dumping data for table `users`
--

INSERT INTO `users` (`id`, `name`, `role_id`, `password`, `email`, `full_name`, `created_at`, `photo`, `verify_code`, `inactive`, `mobile`, `updated_at`, `ip`, `email_verified_at`, `remember_token`) VALUES
(127, 'admin', 1, '$2y$12$A6DA4XvbCCrmwjG94OgMIe.CFJFSCkkuNQieu9On1z1BDBdZyfx1m', 'admin@gmail.com', 'Mohammad Towhidul Islam', '2025-02-17 04:58:00', '127.jpg', '45354353', 0, '34324324', '2022-02-15 21:00:46', '192.168.150.29', NULL, NULL),
(192, 'naeem', 2, '$2y$12$A6DA4XvbCCrmwjG94OgMIe.CFJFSCkkuNQieu9On1z1BDBdZyfx1m', 'naymur@gmail.com', 'Naymur Rahman', '2025-02-17 04:58:11', NULL, NULL, 0, '01800000000', NULL, '192.168.150.25', NULL, NULL),
(194, 'jakaria', 2, '$2y$10$Zyt3rgYgF9vnDBhNRN/8lO1BirJFCCNr3rhTRiI.7W1aVIuriBJiS', 'jkp.jakaria@gmail.com', 'jkp', '2024-04-14 22:53:54', NULL, NULL, 0, '01642527454', NULL, '192.168.150.47', NULL, NULL),
(196, 'Aminur', 2, '$2y$10$u1Wku9Uh61adCVAPm6ToSOp.8EgdXkiXo/DGp3oD.i/8o9I6a/Dai', 'amiur@gmail.com', 'Aminur Rahman', '2024-04-03 23:45:19', NULL, NULL, 0, '01800000000', NULL, '192.168.150.25', NULL, NULL),
(197, 'Tanim', 2, '$2y$10$NcNFqz1p2N76l4NH96f4Y.KTU8s/e.CqZB.lD7lewc4rcBvMstgaK', 'tanim@gmail.com', 'Rifat Ahammed Tanim', '2024-04-03 23:54:06', NULL, NULL, 0, '01900000000', NULL, '192.168.150.34', NULL, NULL),
(199, 'midul', 2, '$2y$10$sUhLutkkEUOUTWY2yWi.C.B55DFNOhUrbfFnrzcKM2FK7xdDF6Rby', 'midul@yahoo.com', 'Midul Islam', '2024-04-03 23:50:50', NULL, NULL, 0, '0198748343', NULL, '192.168.150.5', NULL, NULL),
(200, 'Jabed ', 2, '$2y$10$mgdw/E0HYncsz1wZaxygKerTF9VAfiPMnq4TSLsscA5CVHSih/RbS', 'olba@gmail.com', 'Javed ', '2024-04-03 23:59:27', NULL, NULL, 0, '01869546555', NULL, '192.168.150.22', NULL, NULL),
(201, 'omar', 2, '$2y$10$GnOgIBKPRsNIeM3OJExotuuBjGqzgcYGnfQeZpz4pug/GNqiLCWwS', 'omar@gmail.com', 'Omar Faruk', '2024-04-14 22:57:44', NULL, NULL, 0, '343434', NULL, '192.168.150.11', NULL, NULL),
(204, 'Anni', 2, '$2y$10$JWg5tGwzGUwnFT/PZBT4wuqIKAw3Vb6X7kWs9zC3ueLSi1RMzi87W', 'jannatulneasa464@gmail.com', 'Jannatul Neasa', '2024-04-03 23:54:32', NULL, NULL, 0, '3254436756', NULL, '192.168.150.29', NULL, NULL),
(206, 'mir3', 4, '$2y$10$wYZrszbJ9LIadOof3PRIzuHQNnjAQuTanA.JBmsreow3nJm04hCRW', 'mir@gmail.com', 'Mizanur Rahman ', '2024-05-15 01:36:41', 'mir3.png', NULL, 0, '', '0000-00-00 00:00:00', '::1', '0000-00-00 00:00:00', ''),
(209, 'abc', 1, '$2y$10$M52jied3IiUeo/ke8QU5SO0tS5IrW3T7aXVEL3a7l7/HN/4l98XKO', 'abc@gmail.com', NULL, '2024-05-15 00:29:14', 'abc-gmail-com.jpg', NULL, 0, NULL, '2024-05-15 12:08:29', '::1', '0000-00-00 00:00:00', ''),
(213, 'sium', 2, '$2y$10$Ziq..GqX0z4Lf2H4tE62VOsSDmyq8BUhESIhHu4BEfLKvrJLUszOS', 'sium@gmail.com', NULL, '2024-05-15 01:43:08', 'sium.jpeg', NULL, 0, NULL, '0000-00-00 00:00:00', '192.168.150.18', '0000-00-00 00:00:00', ''),
(214, 'Raqeebul Fahim', 1, '$2y$12$A6DA4XvbCCrmwjG94OgMIe.CFJFSCkkuNQieu9On1z1BDBdZyfx1m', 'raqeebulfahim@gmail.com', NULL, '2025-02-17 05:23:01', NULL, NULL, 0, NULL, '2025-02-17 04:56:57', NULL, NULL, NULL);

-- --------------------------------------------------------

--
-- Table structure for table `warehouses`
--

CREATE TABLE `warehouses` (
  `id` int(11) NOT NULL,
  `name` varchar(100) NOT NULL,
  `address` varchar(100) DEFAULT NULL,
  `location` varchar(100) DEFAULT NULL,
  `created_at` timestamp NOT NULL DEFAULT current_timestamp(),
  `updated_at` timestamp NOT NULL DEFAULT current_timestamp() ON UPDATE current_timestamp()
) ENGINE=InnoDB DEFAULT CHARSET=utf8mb4 COLLATE=utf8mb4_general_ci;

--
-- Dumping data for table `warehouses`
--

INSERT INTO `warehouses` (`id`, `name`, `address`, `location`, `created_at`, `updated_at`) VALUES
(1, 'Central Warehouse', '123 Main Street, Dhaka', 'Dhaka', '2024-12-02 08:19:36', '2024-12-02 08:19:36'),
(2, 'East Branch Warehouse', '45 East Avenue, Chattogram', 'Chattogram', '2024-12-02 08:19:36', '2024-12-02 08:19:36'),
(3, 'North Distribution Center', '67 North Road, Rajshahi', 'Rajshahi', '2024-12-02 08:19:36', '2024-12-02 08:19:36'),
(4, 'South Storage', '89 South Lane, Khulna', 'Khulna', '2024-12-02 08:19:36', '2024-12-02 08:19:36'),
(5, 'West Regional Depot', '21 West Boulevard, Sylhet', 'Sylhet', '2024-12-02 08:19:36', '2024-12-02 08:19:36'),
(6, 'City Supply Hub', '34 Urban Plaza, Barishal', 'Barishal', '2024-12-02 08:19:36', '2024-12-02 08:19:36'),
(7, 'Pharma Logistics Base', '12 Logistics Park, Rangpur', 'Rangpur', '2024-12-02 08:19:36', '2024-12-02 08:19:36'),
(8, 'Suburban Warehouse', '56 Outskirts Road, Mymensingh', 'Mymensingh', '2024-12-02 08:19:36', '2024-12-02 08:19:36'),
(9, 'Emergency Storage Unit', '78 Relief Street, Cumilla', 'Cumilla', '2024-12-02 08:19:36', '2024-12-02 08:19:36'),
(10, 'Specialized Storage', '101 Sector 7, Savar', 'Savar', '2024-12-02 08:19:36', '2024-12-02 08:19:36');

--
-- Indexes for dumped tables
--

--
-- Indexes for table `adjustment_types`
--
ALTER TABLE `adjustment_types`
  ADD PRIMARY KEY (`id`);

--
-- Indexes for table `categories`
--
ALTER TABLE `categories`
  ADD PRIMARY KEY (`id`);

--
-- Indexes for table `customers`
--
ALTER TABLE `customers`
  ADD PRIMARY KEY (`id`);

--
-- Indexes for table `division`
--
ALTER TABLE `division`
  ADD PRIMARY KEY (`id`);

--
-- Indexes for table `manufacturers`
--
ALTER TABLE `manufacturers`
  ADD PRIMARY KEY (`id`);

--
-- Indexes for table `orders`
--
ALTER TABLE `orders`
  ADD PRIMARY KEY (`id`);

--
-- Indexes for table `order_details`
--
ALTER TABLE `order_details`
  ADD PRIMARY KEY (`id`);

--
-- Indexes for table `products`
--
ALTER TABLE `products`
  ADD PRIMARY KEY (`id`),
  ADD UNIQUE KEY `barcode` (`barcode`),
  ADD UNIQUE KEY `sku` (`sku`);

--
-- Indexes for table `purchases`
--
ALTER TABLE `purchases`
  ADD PRIMARY KEY (`id`);

--
-- Indexes for table `purchase_details`
--
ALTER TABLE `purchase_details`
  ADD PRIMARY KEY (`id`);

--
-- Indexes for table `roles`
--
ALTER TABLE `roles`
  ADD PRIMARY KEY (`id`);

--
-- Indexes for table `sales`
--
ALTER TABLE `sales`
  ADD PRIMARY KEY (`id`);

--
-- Indexes for table `status`
--
ALTER TABLE `status`
  ADD PRIMARY KEY (`id`);

--
-- Indexes for table `stock`
--
ALTER TABLE `stock`
  ADD PRIMARY KEY (`id`);

--
-- Indexes for table `stock_adjustments`
--
ALTER TABLE `stock_adjustments`
  ADD PRIMARY KEY (`id`);

--
-- Indexes for table `stock_adjustment_details`
--
ALTER TABLE `stock_adjustment_details`
  ADD PRIMARY KEY (`id`);

--
-- Indexes for table `suppliers`
--
ALTER TABLE `suppliers`
  ADD PRIMARY KEY (`id`);

--
-- Indexes for table `supplier_returns`
--
ALTER TABLE `supplier_returns`
  ADD PRIMARY KEY (`id`);

--
-- Indexes for table `transaction_types`
--
ALTER TABLE `transaction_types`
  ADD PRIMARY KEY (`id`);

--
-- Indexes for table `uom`
--
ALTER TABLE `uom`
  ADD PRIMARY KEY (`id`);

--
-- Indexes for table `users`
--
ALTER TABLE `users`
  ADD PRIMARY KEY (`id`);

--
-- Indexes for table `warehouses`
--
ALTER TABLE `warehouses`
  ADD PRIMARY KEY (`id`);

--
-- AUTO_INCREMENT for dumped tables
--

--
-- AUTO_INCREMENT for table `adjustment_types`
--
ALTER TABLE `adjustment_types`
  MODIFY `id` int(11) NOT NULL AUTO_INCREMENT, AUTO_INCREMENT=11;

--
-- AUTO_INCREMENT for table `categories`
--
ALTER TABLE `categories`
  MODIFY `id` int(11) NOT NULL AUTO_INCREMENT, AUTO_INCREMENT=11;

--
-- AUTO_INCREMENT for table `customers`
--
ALTER TABLE `customers`
  MODIFY `id` int(11) NOT NULL AUTO_INCREMENT, AUTO_INCREMENT=12;

--
-- AUTO_INCREMENT for table `division`
--
ALTER TABLE `division`
  MODIFY `id` int(11) NOT NULL AUTO_INCREMENT, AUTO_INCREMENT=4;

--
-- AUTO_INCREMENT for table `manufacturers`
--
ALTER TABLE `manufacturers`
  MODIFY `id` int(11) NOT NULL AUTO_INCREMENT, AUTO_INCREMENT=11;

--
-- AUTO_INCREMENT for table `orders`
--
ALTER TABLE `orders`
  MODIFY `id` int(10) UNSIGNED NOT NULL AUTO_INCREMENT, AUTO_INCREMENT=84;

--
-- AUTO_INCREMENT for table `order_details`
--
ALTER TABLE `order_details`
  MODIFY `id` int(10) UNSIGNED NOT NULL AUTO_INCREMENT, AUTO_INCREMENT=207;

--
-- AUTO_INCREMENT for table `products`
--
ALTER TABLE `products`
  MODIFY `id` int(11) NOT NULL AUTO_INCREMENT, AUTO_INCREMENT=61;

--
-- AUTO_INCREMENT for table `purchases`
--
ALTER TABLE `purchases`
  MODIFY `id` int(11) NOT NULL AUTO_INCREMENT, AUTO_INCREMENT=37;

--
-- AUTO_INCREMENT for table `purchase_details`
--
ALTER TABLE `purchase_details`
  MODIFY `id` int(11) NOT NULL AUTO_INCREMENT, AUTO_INCREMENT=45;

--
-- AUTO_INCREMENT for table `roles`
--
ALTER TABLE `roles`
  MODIFY `id` int(10) NOT NULL AUTO_INCREMENT, AUTO_INCREMENT=7;

--
-- AUTO_INCREMENT for table `sales`
--
ALTER TABLE `sales`
  MODIFY `id` int(11) NOT NULL AUTO_INCREMENT, AUTO_INCREMENT=12;

--
-- AUTO_INCREMENT for table `status`
--
ALTER TABLE `status`
  MODIFY `id` int(11) NOT NULL AUTO_INCREMENT, AUTO_INCREMENT=18;

--
-- AUTO_INCREMENT for table `stock`
--
ALTER TABLE `stock`
  MODIFY `id` int(11) NOT NULL AUTO_INCREMENT, AUTO_INCREMENT=236;

--
-- AUTO_INCREMENT for table `stock_adjustments`
--
ALTER TABLE `stock_adjustments`
  MODIFY `id` int(11) NOT NULL AUTO_INCREMENT, AUTO_INCREMENT=41;

--
-- AUTO_INCREMENT for table `stock_adjustment_details`
--
ALTER TABLE `stock_adjustment_details`
  MODIFY `id` int(11) NOT NULL AUTO_INCREMENT, AUTO_INCREMENT=21;

--
-- AUTO_INCREMENT for table `suppliers`
--
ALTER TABLE `suppliers`
  MODIFY `id` int(11) NOT NULL AUTO_INCREMENT, AUTO_INCREMENT=11;

--
-- AUTO_INCREMENT for table `supplier_returns`
--
ALTER TABLE `supplier_returns`
  MODIFY `id` int(11) NOT NULL AUTO_INCREMENT, AUTO_INCREMENT=21;

--
-- AUTO_INCREMENT for table `transaction_types`
--
ALTER TABLE `transaction_types`
  MODIFY `id` int(11) NOT NULL AUTO_INCREMENT, AUTO_INCREMENT=11;

--
-- AUTO_INCREMENT for table `uom`
--
ALTER TABLE `uom`
  MODIFY `id` int(11) NOT NULL AUTO_INCREMENT, AUTO_INCREMENT=21;

--
-- AUTO_INCREMENT for table `users`
--
ALTER TABLE `users`
  MODIFY `id` int(10) NOT NULL AUTO_INCREMENT, AUTO_INCREMENT=215;

--
-- AUTO_INCREMENT for table `warehouses`
--
ALTER TABLE `warehouses`
  MODIFY `id` int(11) NOT NULL AUTO_INCREMENT, AUTO_INCREMENT=11;
COMMIT;

/*!40101 SET CHARACTER_SET_CLIENT=@OLD_CHARACTER_SET_CLIENT */;
/*!40101 SET CHARACTER_SET_RESULTS=@OLD_CHARACTER_SET_RESULTS */;
/*!40101 SET COLLATION_CONNECTION=@OLD_COLLATION_CONNECTION */;
